Section - Id,Fault - Location,Phase - Conductor,Dist - kFt,Phase - Config,Nominal - kV,Symmetrical Amps - LG Min,Symmetrical Amps - LG Max,Symmetrical Amps - LL,Symmetrical Amps - LLG,Symmetrical Amps - 3Ph,Cumulative Impedance (Ohms) - R1,Cumulative Impedance (Ohms) - X1,Cumulative Impedance (Ohms) - R0,Cumulative Impedance (Ohms) - X0,Asymmetrical Amps - LG Min,Asymmetrical Amps - LG Max,Asymmetrical Amps - LL,Asymmetrical Amps - LLG,Asymmetrical Amps - 3Ph Avg,Asymmetrical Amps - 3Ph Max
Feeder 0355,---,---,0,ABCN,12,173,8436,10549,11029,12181,0.0508,0.5665,0.0152,1.3281,173,13920,16709,18199,15962,19294
0355_03551,355 TO M101329,1000AXLPEP,0.37,ABCN,12,173,8316,10316,10797,11912,0.0616,0.5784,0.046,1.337,173,13450,16086,17463,15445,18574
03551_03552,M101329 TO 355-24,1000AXLPEP,0.5,ABCN,12,173,8275,10239,10720,11823,0.0652,0.5824,0.0564,1.34,173,13298,15885,17227,15278,18343
SW 03552_03552A,355-24,Device Conductor 600A,0.51,ABCN,12,173,8275,10239,10720,11822,0.0652,0.5824,0.0564,1.34,173,13298,15885,17227,15278,18342
03552A_0355201,355-24 TO 355-T8-357,3-336_AL_C,0.62,ABCN,12,173,7983,9990,10444,11535,0.071,0.5964,0.0683,1.4022,173,12749,15397,16678,14841,17779
03552A_03553,355-24 TO P672256,3-636_AL_C,0.67,ABCN,12,173,7873,9908,10350,11441,0.0697,0.6016,0.0697,1.4287,173,12591,15316,16555,14748,17685
03553_0355301,P672256 TO P776636,3-636_AL_C,0.92,ABCN,12,173,7318,9433,9826,10892,0.0768,0.6314,0.0904,1.5668,173,11629,14506,15614,13993,16750
03553_03554,P672256 TO P670882,3-636_AL_C,0.89,ABCN,12,173,7379,9486,9884,10954,0.076,0.6279,0.088,1.5507,173,11734,14596,15718,14077,16854
03554_03555,P670882 TO P777440,3-636_AL_C,0.97,ABCN,12,173,7214,9341,9725,10787,0.0783,0.6375,0.0947,1.5951,173,11450,14351,15436,13848,16571
03555_03556,P777440 TO P672260,3-636_AL_C,1.14,ABCN,12,173,6896,9056,9413,10456,0.083,0.6574,0.1085,1.6869,173,10904,13868,14885,13396,16013
03556_03557,P672260 TO P776637,3-636_AL_C,1.34,ABCN,12,173,6552,8738,9068,10090,0.0886,0.6809,0.1248,1.7959,173,10321,13336,14283,12897,15399
03557_03558,P776637 TO P776638,3-636_AL_C,1.69,ABCN,12,173,6028,8234,8523,9508,0.0983,0.722,0.1534,1.9862,173,9438,12498,13345,12109,14431
03558_0355801,P776638 TO P877346,3-#2_AL_B,1.78, BCN,12,173,5872,8033,8314,---,0.1234,0.7367,0.1836,2.0397,173,9024,11865,12775,---,---
03558_03559,P776638 TO P677609,3-636_AL_C,1.86,ABCN,12,173,5796,8003,8276,9242,0.1032,0.7425,0.1677,2.0811,173,9052,12118,12924,11751,13993
03559_035510,P677609 TO P677608,3-636_AL_C,2.17,ABCN,12,173,5432,7630,7878,8811,0.1117,0.7784,0.1926,2.2469,173,8448,11507,12252,11174,13287
03559_0355901,P677609 TO P177502,3-#6_CU_C,2.08,AB N,12,172,5450,7505,7761,---,0.1918,0.7761,0.2677,2.2055,172,8010,10400,11406,---,---
03559_0355949,P677609 TO P578556,3-#4_CU_B,2.06, BCN,12,172,5500,7605,7862,---,0.1549,0.7736,0.23,2.1934,172,8288,10932,11848,---,---
FU 035510_035510A,P677608,Device Conductor 30A,2.18,A  N,12,173,5432,---,---,---,0.1117,0.7784,0.1926,2.2469,173,8448,---,---,---,---
FU 03555_03555A,P777440,Device Conductor 15A,0.98, BCN,12,173,7214,9341,9725,---,0.0783,0.6375,0.0947,1.5951,173,11450,14350,15436,---,---
FU 0355949_0355949A,P578556,Device Conductor 15A,2.07, BCN,12,172,5500,7605,7862,---,0.1549,0.7736,0.23,2.1934,172,8288,10932,11848,---,---
SW 0355201_0357502,TS 355-T8-357,Device Conductor 900A,0.63,ABCN,12,173,7978,9985,10439,11530,0.071,0.5967,0.0683,1.4032,173,12742,15391,16671,14835,17772
035510_035511,P677608 TO P677607,3-636_AL_C,2.33,ABCN,12,172,5255,7445,7681,8596,0.1162,0.7975,0.2059,2.3355,172,8157,11205,11921,10888,12938
035510A_03551001,P677608 TO D2422783540,#2_CU_PECN,2.24,A  N,12,172,5407,---,---,---,0.1282,0.7824,0.209,2.2509,172,8313,---,---,---,---
035511_035512,P677607 TO P776639,3-636_AL_C,2.47,ABCN,12,172,5113,7293,7520,8421,0.1201,0.8139,0.2172,2.4112,172,7924,10959,11653,10655,12654
035512_03551201,P776639 TO P30127,3-#2_AL_C,2.55,ABCN,12,172,5013,7155,7377,8262,0.1422,0.8264,0.2438,2.4592,172,7662,10527,11274,10311,12156
035512_035513,P776639 TO P75952,3-636_AL_C,2.87,ABCN,12,172,4741,6885,7089,7950,0.1314,0.8615,0.2503,2.6314,172,7315,10302,10939,10031,11895
035513_03551306,P75952 TO P75951,3-#4_CU_C,3.1,ABCN,12,172,4511,6551,6744,7564,0.1905,0.8959,0.3216,2.762,172,6739,9323,10074,9241,10765
035513_03551394,P75952 TO P77682,3-#6_CU_B,3.17, BCN,12,172,4412,6346,6536,---,0.2562,0.9101,0.3912,2.8036,172,6366,8575,9432,---,---
035513_035514,P75952 TO P75953,3-394_AL_C,3.27,ABCN,12,172,4408,6489,6673,7493,0.1518,0.9121,0.2924,2.8536,172,6743,9593,10209,9380,11077
035514_035515,P75953 TO P75954,3-394_AL_C,3.66,ABCN,12,172,4125,6143,6312,7094,0.1717,0.9614,0.3334,3.0704,172,6264,8989,9586,8821,10380
035515_035516,P75954 TO P75955,3-394_AL_C,3.95,ABCN,12,172,3940,5913,6072,6828,0.1863,0.9975,0.3633,3.2286,172,5956,8594,9178,8453,9923
035516_035517,P75955 TO P678712,3-394_AL_C,4.03,ABCN,12,172,3891,5850,6007,6755,0.1904,1.0077,0.3718,3.2736,172,5873,8487,9068,8354,9800
035517_035518,P678712 TO P75956,3-394_AL_C,4.3,ABCN,12,172,3732,5649,5797,6523,0.2044,1.0423,0.4006,3.4256,172,5611,8147,8716,8036,9407
035518_03551801,P75956 TO P77521,3-#4_CU_B,4.44,A CN,12,172,3639,5497,5642,---,0.2414,1.0645,0.4452,3.5059,172,5389,7737,8353,---,---
035518_03551802,P75956 TO P77522,3-#4_CU_B,4.64, BCN,12,171,3519,5295,5435,---,0.292,1.0949,0.5062,3.6159,171,5109,7231,7892,---,---
035518_035519,P75956 TO P374924,3-394_AL_C,4.41,ABCN,12,172,3672,5572,5717,6434,0.21,1.0561,0.412,3.4862,172,5513,8019,8584,7916,9259
035519_035520,P374924 TO P75957,3-394_AL_C,4.7,ABCN,12,172,3524,5380,5517,6212,0.2246,1.0925,0.4422,3.6457,172,5271,7699,8253,7616,8890
035520_035521,P75957 TO P102599,3-394_AL_C,5.24,ABCN,12,172,3274,5050,5176,5832,0.2522,1.1609,0.4991,3.9463,172,4867,7161,7694,7108,8269
035521_035522,P102599 TO P102598,3-336_AL_C,5.3,ABCN,12,172,3249,5017,5142,5793,0.2553,1.1683,0.5053,3.979,172,4827,7107,7638,7056,8207
035522_035523,P102598 TO P102597,3-336_AL_C,5.46,ABCN,12,171,3184,4930,5051,5693,0.2636,1.1882,0.5222,4.0669,171,4721,6965,7491,6922,8043
035523_035524,P102597 TO 355-1,3-336_AL_C,5.77,ABCN,12,171,3062,4766,4881,5503,0.28,1.2275,0.5556,4.2411,171,4526,6701,7216,6671,7737
0355301_0355302,P776636 TO 355-T1-356,3-636_AL_C,1.03,ABCN,12,173,7105,9245,9619,10675,0.0798,0.6441,0.0992,1.6255,173,11264,14187,15249,13695,16382
03555A_0355501,P777440 TO P777441,3-#2A5005C,1.09, BCN,12,173,6971,9061,9428,---,0.1103,0.6529,0.1324,1.655,173,10743,13367,14530,---,---
0355901_0355902,P177502 TO P177501,3-#6_CU_C,2.44,AB N,12,171,4905,6656,6886,---,0.3433,0.8335,0.4388,2.4183,171,6656,8282,9345,---,---
0355902_0355903,P177501 TO P870118,3-#6_CU_C,2.68,AB N,12,171,4582,6136,6352,---,0.4435,0.8715,0.552,2.559,171,5973,7271,8280,---,---
0355903_0355904,P870118 TO P173767,3-#6_CU_C,2.97,AB N,12,170,4229,5567,5768,---,0.5653,0.9177,0.6895,2.7301,170,5301,6320,7231,---,---
0355904_0355905,P173767 TO P173768,3-#4_CU_B,3.84,AB N,12,169,3510,4539,4707,---,0.7955,1.0557,0.967,3.2299,169,4218,4946,5657,---,---
0355904_0355906,P173767 TO P76593,3-#6_CU_C,3.1,AB N,12,170,4087,5340,5536,---,0.6187,0.9379,0.7498,2.8051,170,5051,5974,6840,---,---
0355949A_0355950,P578556 TO P578557,3-#4_CU_B,2.28, BCN,12,172,5211,7203,7445,---,0.2093,0.8062,0.2956,2.3116,172,7603,9889,10864,---,---
0355950_0355951,P578557 TO P578558,3-#4_CU_B,2.53, BCN,12,172,4892,6746,6972,---,0.2753,0.8458,0.3752,2.4549,172,6904,8845,9839,---,---
0355950_0355952,P578557 TO P139707,3-#2_AL_B,2.35, BCN,12,172,5113,7064,7301,---,0.2293,0.8179,0.3196,2.3542,172,7381,9553,10539,---,---
0355952_0355953,P139707 TO P139708,3-#2_AL_B,2.46, BCN,12,172,4971,6860,7090,---,0.2592,0.8353,0.3556,2.418,172,7069,9087,10082,---,---
FU 03551306_03551306A,P75951,Device Conductor 150A,3.11,ABCN,12,172,4511,6551,6744,7564,0.1905,0.8959,0.3216,2.762,172,6739,9323,10074,9241,10765
FU 03551394_03551394A,P77682,Device Conductor 15A,3.18, BCN,12,172,4412,6346,6536,---,0.2562,0.9101,0.3912,2.8036,172,6366,8575,9432,---,---
FU 035513_035513A,P75952,Device Conductor 100A,2.88,A CN,12,172,4741,6885,7089,---,0.1314,0.8615,0.2503,2.6314,172,7315,10301,10938,---,---
FU 035516_035516A,P75955,Device Conductor 10A,3.96, BCN,12,172,3940,5913,6072,---,0.1863,0.9975,0.3633,3.2287,172,5956,8593,9178,---,---
FU 035517_035517A,P678712,Device Conductor 30A,4.04,A CN,12,172,3891,5850,6007,---,0.1904,1.0077,0.3718,3.2736,172,5873,8487,9068,---,---
FU 035520_035520A,P75957,Device Conductor 15A,4.71,A CN,12,172,3524,5379,5517,---,0.2246,1.0925,0.4422,3.6457,172,5270,7699,8252,---,---
FU 0355906_0355906A,P76593,Device Conductor 125A,3.11,AB N,12,170,4087,5340,5536,---,0.6187,0.9379,0.7498,2.8051,170,5050,5974,6840,---,---
SW 035524_035524A,355-1,Device Conductor 600A,5.78,ABCN,12,171,3062,4766,4881,5503,0.28,1.2275,0.5556,4.2411,171,4526,6701,7215,6671,7737
SW 0355302_035622N,TS 355-T1-356,Device Conductor 600A,1.04,ABCN,12,173,7105,9245,9619,10675,0.0798,0.6441,0.0992,1.6255,173,11263,14187,15248,13695,16382
03551201_03551202,P30127 TO P878624,3-#2_AL_C,2.76,ABCN,12,172,4777,6818,7028,7873,0.1972,0.8576,0.3099,2.5785,172,7077,9573,10412,9536,11054
03551306_03551392,P75951 TO P872340,3-#6_CU_B,3.25,A CN,12,172,4348,6277,6464,---,0.2553,0.9211,0.3947,2.8514,172,6288,8509,9347,---,---
03551306A_03551307,P75951 TO P75950,3-#4_CU_C,3.48,ABCN,12,172,4165,6025,6202,6957,0.2889,0.9531,0.4402,2.9794,172,5948,8019,8857,8152,9260
03551307_03551308,P75950 TO P778113,3-#4_CU_C,3.75,ABCN,12,171,3942,5676,5844,6555,0.3593,0.994,0.5251,3.1351,171,5481,7275,8124,7508,8400
03551308_03551314,P778113 TO 355355,3-#4_CU_C,4.18,ABCN,12,171,3626,5173,5327,5973,0.472,1.0596,0.661,3.3841,171,4865,6321,7147,6654,7299
03551314_03551315,355355 TO P75947,3-#4_CU_C,4.49,ABCN,12,170,3419,4841,4987,5590,0.5553,1.108,0.7614,3.5681,170,4488,5757,6547,6131,6648
03551314_03551367,355355 TO P177855,3-#6_CU_B,4.37, BCN,12,170,3477,4902,5051,---,0.5538,1.0915,0.7534,3.497,170,4553,5813,6614,---,---
03551315_03551316,P75947 TO P75946,3-#4_CU_C,4.94,ABCN,12,170,3160,4427,4562,5112,0.6729,1.1764,0.9032,3.8281,170,4044,5109,5838,5513,5899
03551316_03551317,P75946 TO P872652,3-#4_CU_C,5.15,ABCN,12,170,3050,4252,4382,4910,0.7284,1.2087,0.9701,3.9506,170,3863,4850,5550,5261,5600
03551317_03551318,P872652 TO P875792,3-4/0_CU_C,5.49,ABCN,12,169,2926,4111,4234,4747,0.7462,1.2543,1.0061,4.1415,169,3717,4703,5380,5094,5430
03551318_03551319,P875792 TO P75944,3-#4_CU_C,5.69,ABCN,12,169,2834,3963,4083,4576,0.7999,1.2855,1.0707,4.26,169,3568,4489,5141,4885,5184
03551318_03551365,P875792 TO P875793,3-#4_CU_B,5.69,A CN,12,169,2837,3966,4086,---,0.798,1.2854,1.0685,4.254,169,3573,4494,5146,---,---
03551319_03551320,P75944 TO P178238,3-#4_CU_C,5.93,ABCN,12,169,2733,3801,3917,4389,0.8625,1.322,1.1463,4.3985,169,3409,4263,4885,4659,4922
03551320_03551321,P178238 TO P178239,3-#4_CU_C,6.16,ABCN,12,169,2645,3661,3773,4227,0.9209,1.3559,1.2167,4.5276,169,3272,4071,4667,4467,4701
03551321_03551322,P178239 TO P671396,3-#4_CU_C,6.41,ABCN,12,168,2551,3512,3620,4055,0.9872,1.3945,1.2966,4.6741,168,3129,3873,4441,4266,4472
03551322_03551323,P671396 TO P275033,3-#4_CU_C,6.62,ABCN,12,168,2475,3392,3498,3917,1.0442,1.4276,1.3653,4.7999,168,3016,3718,4262,4107,4293
03551323_03551324,P275033 TO P178240,3-#4_CU_C,6.78,ABCN,12,168,2422,3310,3414,3822,1.0857,1.4517,1.4153,4.8916,168,2938,3612,4140,3998,4171
03551323_03551326,P275033 TO P375565,3-#6_CU_B,6.84,AB N,12,168,2393,3245,3348,---,1.1324,1.462,1.4649,4.9217,168,2880,3518,4030,---,---
03551323_03551348,P275033 TO P275034,3-#6_CU_B,6.74, BCN,12,168,2429,3310,3414,---,1.0928,1.4466,1.4202,4.8671,168,2940,3605,4132,---,---
03551324_03551325,P178240 TO 355-T5-356,3-#4_CU_C,7.52,ABCN,12,167,2202,2969,3065,3429,1.2791,1.5642,1.6485,5.3191,167,2623,3189,3650,3557,3682
03551326_03551327,P375565 TO P871443,3-#4_CU_B,7.01,AB N,12,167,2339,3161,3262,---,1.1775,1.489,1.5193,5.0196,167,2803,3414,3910,---,---
03551327_03551333,P871443 TO P574111,3-#4_CU_B,7.25,AB N,12,167,2265,3046,3145,---,1.2427,1.5282,1.5979,5.1613,167,2699,3274,3747,---,---
03551333_03551334,P574111 TO P676547,3-#4_CU_B,7.3,AB N,12,167,2253,3028,3126,---,1.2535,1.5346,1.6109,5.1847,167,2682,3252,3722,---,---
03551333_03551335,P574111 TO P775242,3-#2A5005C,7.4,AB N,12,167,2221,2977,3074,---,1.2884,1.5501,1.6516,5.2467,167,2635,3188,3646,---,---
03551333_03551346,P574111 TO P877628,3-#2_AL_B,7.36,AB N,12,167,2235,3000,3098,---,1.2705,1.5444,1.6314,5.2207,167,2657,3219,3682,---,---
03551335_03551336,P775242 TO P775245,3-#2A5005C,7.53,AB N,12,167,2185,2920,3015,---,1.3273,1.5687,1.6973,5.3193,167,2583,3118,3564,---,---
03551335_03551345,P775242 TO P775243,3-#2A5005C,7.5,AB N,12,167,2194,2934,3030,---,1.3175,1.564,1.6858,5.3009,167,2596,3135,3585,---,---
03551336_03551337,P775245 TO P876694,3-#2_AL_B,7.57,AB N,12,167,2174,2902,2997,---,1.3387,1.5753,1.711,5.3436,167,2567,3097,3540,---,---
03551336_03551339,P775245 TO P875469,3-#2_AL_B,7.82,AB N,12,166,2110,2805,2898,---,1.4041,1.6136,1.7896,5.4832,166,2480,2982,3405,---,---
03551336_03551342,P775245 TO P775798,3-#2_AL_C,7.62,AB N,12,167,2160,2881,2976,---,1.3527,1.5831,1.7278,5.3744,167,2548,3072,3511,---,---
03551339_03551340,P875469 TO P876561,3-#2_AL_B,7.98,AB N,12,166,2069,2742,2833,---,1.4489,1.6398,1.8435,5.5789,166,2423,2908,3319,---,---
03551340_03551341,P876561 TO P876562,3-#2_AL_B,8.18,AB N,12,166,2023,2673,2763,---,1.4999,1.6696,1.9049,5.6878,166,2362,2828,3225,---,---
03551342_03551343,P775798 TO P775799,3-#2_AL_B,7.95,AB N,12,166,2076,2753,2845,---,1.4409,1.6347,1.8339,5.5628,166,2433,2921,3334,---,---
03551343_03551344,P775799 TO CG199999,3-#2_AL_B,7.96,AB N,12,166,2073,2750,2841,---,1.4436,1.6362,1.8371,5.5685,166,2430,2917,3329,---,---
03551346_03551347,P877628 TO P877629,3-#2_AL_B,7.55,AB N,12,167,2182,2919,3014,---,1.3218,1.5744,1.693,5.3302,167,2583,3121,3568,---,---
03551348_03551349,P275034 TO P275035,3-#6_CU_B,6.94, BCN,12,167,2352,3172,3274,---,1.1781,1.4798,1.5165,4.9848,167,2815,3422,3919,---,---
03551349_03551350,P275035 TO P275036,3-#6_CU_B,7.2, BCN,12,167,2261,3014,3113,---,1.2843,1.5213,1.6365,5.1314,167,2673,3219,3680,---,---
03551350_03551356,P275036 TO P275037,3-#6_CU_B,7.42, BCN,12,167,2187,2886,2983,---,1.3771,1.5574,1.7412,5.2595,167,2560,3060,3492,---,---
03551356_03551357,P275037 TO P378569,3-#6_CU_B,7.53, BCN,12,166,2151,2825,2921,---,1.4243,1.5758,1.7945,5.3246,166,2506,2985,3404,---,---
03551357_03551358,P378569 TO P275038,3-#6_CU_B,7.71, BCN,12,166,2097,2734,2829,---,1.4973,1.6043,1.877,5.4254,166,2427,2876,3274,---,---
03551358_03551359,P275038 TO P275039,3-#6_CU_B,7.81, BCN,12,166,2066,2684,2778,---,1.5396,1.6208,1.9247,5.4838,166,2383,2817,3203,---,---
03551359_03551360,P275039 TO P278985,3-#6_CU_B,8.17, BCN,12,165,1966,2519,2610,---,1.689,1.6791,2.0934,5.69,165,2241,2624,2975,---,---
03551359_03551361,P275039 TO P372329,3-#6_CU_B,7.94, BCN,12,166,2027,2620,2712,---,1.5957,1.6427,1.9881,5.5613,166,2327,2741,3114,---,---
03551361_03551362,P372329 TO P872510,3-#2_AL_B,8.18, BCN,12,165,1974,2543,2633,---,1.6579,1.679,2.0628,5.694,165,2259,2655,3013,---,---
03551361_03551364,P372329 TO P372330,3-#6_CU_B,8.23, BCN,12,165,1948,2491,2581,---,1.7168,1.6899,2.1249,5.7285,165,2216,2591,2936,---,---
03551362_03551363,P872510 TO P872511,3-#2_AL_B,8.34, BCN,12,165,1939,2492,2581,---,1.7006,1.704,2.1142,5.7852,165,2214,2598,2947,---,---
03551365_03551366,P875793 TO CG199999,3-#4_CU_B,5.7,A CN,12,169,2833,3959,4078,---,0.8007,1.287,1.0717,4.2597,169,3566,4484,5135,---,---
03551392_03551393,P872340 TO P472240,3-#6_CU_B,3.4,A CN,12,171,4200,6020,6201,---,0.3166,0.945,0.464,2.936,171,5908,7845,8723,---,---
03551394A_03551395,P77682 TO P372493,3-#6_CU_B,3.37, BCN,12,171,4209,5996,6178,---,0.3378,0.942,0.4834,2.9163,171,5857,7698,8598,---,---
035513A_03551301,P75952 TO P75976,3-#6_CU_B,3.11,A CN,12,172,4491,6481,6674,---,0.2251,0.898,0.3561,2.7607,172,6581,8956,9779,---,---
035516A_03551601,P75955 TO P276957,3-#2A5005C,4, BCN,12,172,3912,5868,6026,---,0.1981,1.0032,0.3772,3.2508,172,5880,8453,9058,---,---
035516A_03551605,P75955 TO P139522,3-#2_AL_B,4.03, BCN,12,172,3889,5831,5989,---,0.2048,1.0083,0.3856,3.2682,172,5829,8363,8976,---,---
035517A_03551701,P678712 TO P678713,3-#4_CU_B,4.27,A CN,12,172,3726,5583,5733,---,0.252,1.0447,0.4461,3.4075,172,5478,7771,8430,---,---
03551802_03551803,P77522 TO P77523,3-#4_CU_B,4.8, BCN,12,171,3417,5124,5260,---,0.3365,1.1216,0.5599,3.7125,171,4885,6835,7520,---,---
035520A_03552001,P75957 TO P277754,3-#6_CU_B,4.97,A CN,12,171,3361,5077,5210,---,0.3317,1.1343,0.5631,3.7936,171,4822,6808,7476,---,---
035524A_035525,355-1 TO P102595,3-336_AL_C,5.99,ABCN,12,171,2987,4663,4776,5385,0.2907,1.2533,0.5775,4.3556,171,4406,6537,7045,6516,7549
035525_03552501,P102595 TO P75961,3-336_AL_C,6.14,ABCN,12,171,2934,4591,4701,5301,0.2986,1.2723,0.5937,4.4397,171,4322,6422,6925,6406,7416
035525_035526,P102595 TO P574574,3-3/0_AL_C,6.06,ABCN,12,171,2960,4623,4734,5338,0.2982,1.2633,0.5888,4.3956,171,4358,6460,6970,6446,7459
035526_03552601,TS 355-T3-1458,3-#2_AL_C,6.47,ABCN,12,171,2792,4326,4431,4996,0.4078,1.3255,0.7206,4.6338,171,3979,5741,6316,5843,6629
035526_035527,P574574 TO 355-41R,3-#4_CU_B,6.12,ABCN,12,171,2934,4576,4686,5284,0.3143,1.2729,0.6082,4.4306,171,4297,6342,6865,6348,7324
0355501_0355502,P777441 TO P777442,3-#2A5005C,1.31, BCN,12,172,6491,8476,8811,---,0.1778,0.6852,0.2116,1.781,172,9487,11637,12879,---,---
0355502_0355503,P777442 TO P777443,3-#2A5005C,1.52, BCN,12,172,6056,7913,8222,---,0.2453,0.7175,0.2909,1.907,172,8477,10266,11509,---,---
0355503_0355504,P777443 TO P777444,3-#2A5005C,1.58, BCN,12,172,5942,7762,8064,---,0.2641,0.7265,0.313,1.9421,172,8230,9935,11169,---,---
0355504_0355505,P777444 TO P777445,3-#2A5005C,1.78, BCN,12,172,5592,7289,7571,---,0.3257,0.756,0.3853,2.0571,172,7509,8977,10166,---,---
0355505_0355506,P777445 TO P777446,3-#2A5005C,2.03, BCN,12,171,5199,6747,7008,---,0.4027,0.7929,0.4758,2.201,171,6761,7999,9112,---,---
0355906A_0355907,P76593 TO P76592,3-#6_CU_C,3.39,AB N,12,170,3800,4885,5069,---,0.7368,0.9827,0.8832,2.9709,170,4570,5328,6096,---,---
0355907_0355908,P76592 TO P875374,3-#6_CU_C,3.72,AB N,12,169,3505,4429,4602,---,0.8743,1.0348,1.0384,3.164,169,4111,4730,5397,---,---
0355907_0355944,P76592 TO P76591,3-#6_CU_B,3.58,AB N,12,169,3626,4612,4790,---,0.8158,1.0134,0.9723,3.0799,169,4295,4966,5673,---,---
0355908_0355920,P875374 TO P278339,3-#6_CU_B,3.9,AB N,12,169,3359,4204,4371,---,0.9506,1.0645,1.1246,3.2694,169,3893,4451,5067,---,---
0355920_0355921,P278339 TO P870343,3-#6_CU_B,3.94,AB N,12,169,3329,4158,4324,---,0.9669,1.0709,1.143,3.2919,169,3850,4395,5001,---,---
0355920_0355923,P278339 TO P278340,3-#6_CU_B,4.17,AB N,12,168,3160,3906,4065,---,1.0635,1.1086,1.2521,3.4252,168,3610,4093,4643,---,---
0355923_0355924,P278340 TO P278341,3-#6_CU_B,4.57,AB N,12,168,2905,3531,3681,---,1.2291,1.1731,1.439,3.6538,168,3261,3660,4132,---,---
0355924_0355930,P278341 TO P870351,3-#6_CU_B,4.86,AB N,12,167,2737,3292,3435,---,1.3531,1.2215,1.579,3.8249,167,3040,3391,3814,---,---
0355930_0355933,P870351 TO P278342,3-#6_CU_B,5.07,AB N,12,167,2633,3145,3284,---,1.4376,1.2544,1.6744,3.9415,167,2906,3230,3624,---,---
0355933_0355938,P278342 TO P875805,3-#6_CU_B,5.21,AB N,12,166,2562,3046,3182,---,1.499,1.2784,1.7438,4.0263,166,2816,3121,3497,---,---
0355933_0355939,P278342 TO P872877,3-#6_CU_B,5.28,AB N,12,166,2532,3004,3139,---,1.5258,1.2888,1.7741,4.0633,166,2778,3076,3444,---,---
0355939_0355943,P872877 TO P278343,3-#6_CU_B,5.5,AB N,12,166,2434,2870,3001,---,1.6173,1.3245,1.8774,4.1896,166,2657,2931,3275,---,---
0355944_0355945,P76591 TO P870163,3-#6_CU_B,3.78,AB N,12,169,3457,4351,4522,---,0.8989,1.0459,1.0662,3.1947,169,4038,4634,5282,---,---
0355944_0355946,P76591 TO P776444,3-#2_AL_B,3.69,AB N,12,169,3543,4498,4672,---,0.8462,1.0312,1.0089,3.1449,169,4180,4827,5512,---,---
0355945_03551314A,P870163 TO 355355,3-#6_CU_B,3.91,AB N,12,169,3354,4194,4362,---,0.9529,1.0669,1.1271,3.2692,169,3887,4441,5054,---,---
0355946_0355947,P776444 TO P776445,3-#4_CU_B,3.96,AB N,12,169,3364,4252,4418,---,0.9161,1.0731,1.0931,3.2966,169,3936,4534,5170,---,---
0355947_0355948,P776445 TO P271276,3-#6_CU_B,4.06,AB N,12,169,3289,4137,4300,---,0.9574,1.0893,1.1398,3.3536,169,3826,4391,5001,---,---
FU 03551301_03551301A,P75976,Device Conductor 10A,3.12,A CN,12,172,4491,6481,6674,---,0.2251,0.898,0.3561,2.7607,172,6581,8956,9779,---,---
FU 03551308_03551308A,P778113,Device Conductor 20A,3.76,A CN,12,171,3942,5676,5844,---,0.3593,0.994,0.5251,3.1351,171,5481,7275,8124,---,---
FU 03551327_03551328,355-1686B,Device Conductor 30A,7.02,A  N,12,167,2339,---,---,---,1.1775,1.4891,1.5193,5.0196,167,2803,---,---,---,---
FU 03551337_03551337A,P876694,Device Conductor 10A,7.58,AB N,12,167,2174,2902,2997,---,1.3387,1.5754,1.711,5.3436,167,2567,3097,3540,---,---
FU 03551350_03551350A,P275036,Device Conductor 10A,7.21, BCN,12,167,2261,3014,3113,---,1.2843,1.5213,1.6365,5.1314,167,2673,3219,3680,---,---
FU 03551367_03551367A,P177855,Device Conductor 75A,4.38, BCN,12,170,3477,4902,5051,---,0.5538,1.0915,0.7534,3.497,170,4553,5813,6614,---,---
FU 0355908_0355908A,P875374,Device Conductor 60A,3.73,A  N,12,169,3505,---,---,---,0.8743,1.0348,1.0384,3.164,169,4111,---,---,---,---
FU 0355921_0355921A,P870343,Device Conductor 10A,3.95,AB N,12,169,3329,4158,4324,---,0.9669,1.0709,1.143,3.2919,169,3850,4395,5001,---,---
FU 0355924_0355924A,P278341,Device Conductor 15A,4.58,AB N,12,168,2905,3531,3681,---,1.2291,1.1731,1.439,3.6538,168,3261,3660,4132,---,---
FU 0355930_0355930A,P870351,Device Conductor 15A,4.87,AB N,12,167,2737,3292,3435,---,1.3531,1.2215,1.579,3.8249,167,3040,3391,3814,---,---
FU 0355933_0355933A,P278342,Device Conductor 15A,5.08,AB N,12,167,2633,3145,3284,---,1.4376,1.2544,1.6744,3.9415,167,2906,3230,3624,---,---
FU 0355939_0355939A,P872877,Device Conductor 30A,5.29,AB N,12,166,2532,3004,3139,---,1.5258,1.2888,1.7741,4.0633,166,2778,3076,3444,---,---
RC 035527_035527A,355-41R,Device Conductor 630A,6.13,ABCN,12,171,2934,4576,4686,5284,0.3143,1.2729,0.6082,4.4306,171,4297,6342,6865,6348,7323
SW 03552601_14581081,TS 355-T3-1458,Device Conductor 600A,6.48,ABCN,12,171,2792,4326,4431,4996,0.4078,1.3255,0.7206,4.6338,171,3979,5741,6315,5843,6629
TF 03551325_03564083,TS 355-T5-356,Device Conductor 300A,7.53,ABCN,12,167,2202,2969,3065,3429,1.2791,1.5642,1.6485,5.3191,167,2623,3189,3650,3557,3682
03551301_03551305,P75976 TO P75975,3-#6_CU_B,3.45,A CN,12,171,4136,5868,6047,---,0.3684,0.9539,0.5179,2.9585,171,5685,7409,8313,---,---
03551301A_03551302,P75976 TO H2421583565,#2_CU_PECN,3.45,A CN,12,172,4388,6253,6445,---,0.2899,0.9147,0.4767,2.7881,172,6166,8245,9057,---,---
03551302_03551303,H2421583565 TO D2422083580,#2_CU_PECN,3.6,A CN,12,171,4340,6149,6341,---,0.3188,0.9222,0.5305,2.8003,171,5994,7958,8758,---,---
03551302_03551304,H2421583565 TO D2424083570,#2_CU_PECN,3.65,A CN,12,171,4324,6116,6308,---,0.3279,0.9245,0.5475,2.8042,171,5941,7872,8666,---,---
03551308A_03551309,P778113 TO P977008,3-#4_CU_B,3.93,A CN,12,171,3813,5468,5630,---,0.4033,1.0204,0.5782,3.2306,171,5223,6869,7712,---,---
03551308A_03551313,P778113 TO P778114,3-#2A5005C,3.94,A CN,12,171,3802,5447,5609,---,0.4146,1.0205,0.59,3.2383,171,5185,6799,7648,---,---
03551309_03551310,P977008 TO P977039,3-#2_AL_B,4.09,A CN,12,171,3695,5276,5433,---,0.4468,1.0458,0.6304,3.3234,171,4993,6510,7342,---,---
03551310_03551311,P977039 TO P977140,3-#2_AL_B,4.26,A CN,12,171,3578,5086,5239,---,0.4919,1.0722,0.6847,3.4197,171,4773,6174,6989,---,---
03551311_03551312,P977140 TO P33906,3-#2_AL_B,4.57,A CN,12,170,3379,4763,4907,---,0.5752,1.1208,0.7848,3.5975,170,4413,5633,6410,---,---
03551328_03551328A,355-1686B,Device Conductor 600A,7.03,A  N,12,167,2339,---,---,---,1.1775,1.4891,1.5193,5.0196,167,2803,---,---,---,---
03551328A_03551329,355-1686B TO H2450083410,1C#2SAPECN,7.12,A  N,4.16,59,793,---,---,---,0.6442,3.0353,0.4992,2.834,59,1139,---,---,---,---
03551329_03551330,H2450083410 TO D2448283417,#2_CU_PECN,7.41,A  N,4.16,59,784,---,---,---,0.7158,3.0527,0.5709,2.8515,59,1107,---,---,---,---
03551330_03551331,D2448283417 TO D2445383402,#2_CU_PECN,7.76,A  N,4.16,59,774,---,---,---,0.804,3.0741,0.659,2.8729,59,1069,---,---,---,---
03551331_03551332,D2445383402 TO CG199999,#2_CU_PECN,7.77,A  N,4.16,59,774,---,---,---,0.8065,3.0747,0.6615,2.8735,59,1068,---,---,---,---
03551337A_03551338,P876694 TO D2449082750,1C#2SAPECN,7.89,AB N,12,166,2106,2780,2874,---,1.4448,1.6037,1.9063,5.4198,166,2446,2939,3338,---,---
03551350A_03551351,P275036 TO H2446083525,1C#2SAPECN,7.41, BCN,12,167,2212,2926,3024,---,1.3545,1.54,1.7656,5.1819,167,2584,3105,3533,---,---
03551351_03551352,H2446083525 TO D2445583530,1C#2SAPECN,7.71, BCN,12,166,2144,2806,2904,---,1.4552,1.5668,1.9508,5.2542,166,2467,2954,3341,---,---
03551352_03551353,D2445583530 TO D2443583528,#2_CU_PECN,7.99, BCN,12,166,2111,2745,2842,---,1.5097,1.5809,2.0523,5.2772,166,2409,2878,3244,---,---
03551353_03551354,D2443583528 TO D2442583540,#2_CU_PECN,8.15, BCN,12,166,2092,2710,2807,---,1.542,1.5892,2.1122,5.2909,166,2377,2835,3190,---,---
03551354_03551355,D2442583540 TO CG199999,#2_CU_PECN,8.16, BCN,12,166,2091,2708,2805,---,1.5439,1.5897,2.1158,5.2917,166,2375,2833,3186,---,---
03551367A_03551368,P177855 TO P177856,3-#6_CU_B,4.58, BCN,12,170,3338,4650,4794,---,0.6353,1.1232,0.8453,3.6094,170,4278,5379,6144,---,---
03551368_03551369,P177856 TO P177857,3-#6_CU_B,5.11, BCN,12,169,2999,4047,4180,---,0.8571,1.2098,1.0959,3.9157,169,3669,4462,5113,---,---
03551369_03551370,P177857 TO P371613,3-#6_CU_B,5.41, BCN,12,168,2830,3755,3883,---,0.9835,1.259,1.2386,4.0902,168,3391,4065,4653,---,---
03551370_03551371,P371613 TO P130475,3-#2_AL_B,5.59, BCN,12,168,2752,3639,3764,---,1.0308,1.2867,1.2954,4.1911,168,3281,3922,4486,---,---
03551370_03551390,P371613 TO P876128,3-#2_AL_B,5.68, BCN,12,168,2715,3584,3707,---,1.0544,1.3004,1.3238,4.2414,168,3228,3854,4407,---,---
03551370_03551391,P371613 TO P371614,3-#2_AL_B,5.49, BCN,12,168,2793,3699,3826,---,1.006,1.2722,1.2656,4.1381,168,3337,3996,4572,---,---
03551371_03551372,P130475 TO P33649,3-#2_AL_B,5.69, BCN,12,168,2708,3573,3696,---,1.059,1.3031,1.3294,4.2513,168,3218,3841,4392,---,---
03551371_03551389,P130475 TO P130476,3-#2_AL_B,5.82, BCN,12,168,2657,3498,3618,---,1.0925,1.3227,1.3695,4.3227,168,3147,3750,4285,---,---
03551372_03551373,P33649 TO P875263,3-#2_AL_B,5.96, BCN,12,168,2600,3413,3531,---,1.1315,1.3455,1.4164,4.406,168,3068,3648,4167,---,---
03551372_03551387,P33649 TO P33650,3-#2_AL_B,5.95, BCN,12,168,2606,3423,3541,---,1.127,1.3428,1.4111,4.3964,168,3077,3659,4180,---,---
03551372_03551388,P33649 TO P130565,3-#2_AL_B,5.74, BCN,12,168,2690,3546,3668,---,1.0709,1.3101,1.3436,4.2766,168,3193,3808,4353,---,---
03551373_03551374,P875263 TO P875264,3-#2_AL_B,6.12, BCN,12,168,2543,3328,3444,---,1.1723,1.3694,1.4656,4.4932,168,2989,3547,4049,---,---
03551374_03551375,P875264 TO P876480,3-#2_AL_B,6.16, BCN,12,168,2528,3307,3422,---,1.1831,1.3756,1.4785,4.5162,168,2969,3522,4019,---,---
03551374_03551378,P875264 TO P876517,3-#2_AL_B,6.28, BCN,12,167,2485,3243,3357,---,1.2155,1.3945,1.5174,4.5853,167,2910,3447,3932,---,---
03551375_03551376,P876480 TO CG199999,3-#2_AL_B,6.17, BCN,12,168,2524,3302,3417,---,1.1857,1.3772,1.4817,4.5219,168,2964,3515,4012,---,---
03551375_03551377,P876480 TO P877291,3-#2_AL_B,6.38, BCN,12,167,2451,3194,3306,---,1.2415,1.4098,1.5488,4.641,167,2865,3389,3864,---,---
03551378_03551379,P876517 TO P876518,3-#2_AL_B,6.46, BCN,12,167,2423,3153,3264,---,1.2638,1.4228,1.5756,4.6885,167,2827,3341,3808,---,---
03551379_03551380,P876518 TO P876852,3-#2_AL_B,6.61, BCN,12,167,2373,3081,3190,---,1.304,1.4463,1.6239,4.7744,167,2761,3257,3711,---,---
03551379_03551385,P876518 TO P876560,3-#2_AL_B,6.5, BCN,12,167,2408,3132,3242,---,1.2755,1.4296,1.5897,4.7135,167,2807,3316,3779,---,---
03551380_03551381,P876852 TO P876853,3-#2_AL_B,6.7, BCN,12,167,2346,3042,3149,---,1.3269,1.4597,1.6514,4.8232,167,2725,3212,3657,---,---
03551381_03551382,P876853 TO P30231,3-#2_AL_B,6.8, BCN,12,167,2313,2994,3101,---,1.3552,1.4762,1.6855,4.8837,167,2681,3157,3593,---,---
03551382_03551383,P30231 TO P876854,3-#2_AL_B,6.98, BCN,12,167,2259,2916,3020,---,1.4036,1.5045,1.7436,4.987,167,2610,3068,3489,---,---
03551601_03551602,P276957 TO P574822,3-#4_CU_B,4.17, BCN,12,172,3787,5666,5819,---,0.2437,1.0305,0.4321,3.3497,172,5582,7916,8578,---,---
03551601_03551603,P276957 TO P677306,3-#2A5005C,4.04, BCN,12,172,3876,5810,5967,---,0.2132,1.0104,0.3949,3.2789,172,5786,8280,8908,---,---
03551603_03551604,P677306 TO P772317,3-#2A5005C,4.2, BCN,12,172,3765,5631,5783,---,0.2606,1.0331,0.4506,3.3674,172,5509,7773,8461,---,---
03551701_03551702,P678713 TO P876820,3-#4_CU_B,4.37,A CN,12,172,3663,5478,5626,---,0.2769,1.0596,0.4761,3.4615,172,5333,7512,8192,---,---
03551702_03551703,P876820 TO P678714,3-#4_CU_B,4.45,A CN,12,171,3605,5383,5529,---,0.2999,1.0734,0.5039,3.5115,171,5204,7285,7981,---,---
03551703_03551704,P678714 TO P878931,3-#2_AL_B,4.64,A CN,12,171,3490,5190,5330,---,0.3492,1.1022,0.563,3.6165,171,4951,6844,7562,---,---
03551703_03551708,P678714 TO P678715,3-#4_CU_B,4.83,A CN,12,171,3378,5000,5137,---,0.3978,1.1321,0.6219,3.724,171,4717,6448,7174,---,---
03551704_03551705,P878931 TO P878932,3-#2_AL_B,4.84,A CN,12,171,3373,4992,5128,---,0.4017,1.1329,0.6262,3.7288,171,4704,6424,7153,---,---
03551705_03551706,P878932 TO P878933,3-#2_AL_B,4.98,A CN,12,171,3289,4850,4983,---,0.4411,1.1559,0.6735,3.8127,171,4534,6141,6870,---,---
03551706_03551707,P878933 TO CG199999,3-#2_AL_B,4.99,A CN,12,171,3284,4840,4973,---,0.4437,1.1574,0.6767,3.8184,171,4523,6122,6851,---,---
03551708_03551709,P678715 TO P164291,3-#4_CU_B,4.97,A CN,12,171,3294,4859,4992,---,0.4363,1.1552,0.6683,3.8076,171,4549,6166,6893,---,---
03551708_03551715,P678715 TO P678716,3-#4_CU_B,5.13,A CN,12,171,3211,4717,4848,---,0.4764,1.1793,0.7167,3.8948,171,4385,5896,6619,---,---
03551708_03551716,P678715 TO P238820,3-#2_CU_B,5,A CN,12,171,3287,4860,4993,---,0.4266,1.1585,0.6599,3.8217,171,4558,6203,6922,---,---
03552501_03552502,P75961 TO 355-6R,3-336_AL_C,6.32,ABCN,12,171,2875,4510,4617,5208,0.3078,1.2942,0.6122,4.5367,171,4229,6294,6792,6284,7268
035527A_035528,355-41R TO P170545,3-#4_CU_C,6.2,ABCN,12,171,2903,4523,4632,5223,0.3332,1.284,0.631,4.4725,171,4228,6210,6746,6238,7171
035528_035529,P170545 TO P33580,3-#4_CU_C,6.39,ABCN,12,171,2828,4391,4497,5070,0.3817,1.3121,0.6894,4.5795,171,4061,5894,6457,5972,6806
035529_035530,P33580 TO P574573,3-#4_CU_C,6.43,ABCN,12,171,2812,4362,4468,5037,0.3924,1.3184,0.7024,4.6034,171,4025,5828,6395,5916,6729
035530_035531,P574573 TO P574572,3-#4_CU_C,6.63,ABCN,12,171,2733,4221,4324,4874,0.4462,1.3497,0.7673,4.7222,171,3856,5516,6100,5648,6369
035531_035532,P574572 TO P108521,3-#4_CU_C,6.85,ABCN,12,170,2655,4080,4180,4711,0.5023,1.3823,0.8349,4.8461,170,3694,5222,5816,5392,6030
035532_03553207,P108521 TO P671940,3-#4_CU_C,6.9,ABCN,12,170,2634,4043,4143,4669,0.5171,1.3909,0.8527,4.8788,170,3653,5150,5745,5328,5946
035532_035533,P108521 TO P373950,3-#4_CU_C,7.06,ABCN,12,170,2581,3947,4045,4558,0.5573,1.4143,0.9013,4.9678,170,3546,4961,5557,5161,5729
035533_03553346,P373950 TO P278251,3-#2A5005C,7.16,AB N,12,170,2546,3882,3978,---,0.5885,1.4292,0.9379,5.026,170,3473,4830,5427,---,---
035533_035534,P373950 TO P574571,3-#4_CU_C,7.29,ABCN,12,170,2502,3804,3899,4393,0.6194,1.4504,0.9761,5.105,170,3393,4695,5287,4921,5421
035534_035535,P574571 TO P170868,3-#4_CU_C,7.44,ABCN,12,170,2454,3717,3810,4292,0.6592,1.4735,1.0241,5.1929,170,3301,4538,5126,4778,5240
035535_035536,P170868 TO P373951,3-#4_CU_C,7.6,ABCN,12,169,2405,3629,3721,4190,0.7007,1.4977,1.0741,5.2845,169,3210,4385,4966,4637,5063
035536_035537,P373951 TO P574570,3-#4_CU_C,7.76,ABCN,12,169,2358,3544,3634,4092,0.7421,1.5217,1.124,5.376,169,3125,4241,4815,4504,4897
035537_035538,P574570 TO P373952,3-#4_CU_C,7.94,ABCN,12,169,2305,3448,3537,3982,0.7907,1.55,1.1827,5.4836,169,3029,4084,4648,4357,4716
035538_035539,P373952 TO P574569,3-#4_CU_C,8.09,ABCN,12,169,2264,3375,3462,3897,0.8293,1.5724,1.2291,5.5687,169,2957,3967,4522,4246,4581
035539_035540,P574569 TO P373953,3-#4_CU_C,8.27,ABCN,12,168,2217,3291,3377,3800,0.8752,1.5992,1.2846,5.6703,168,2876,3836,4380,4121,4429
035540_035541,P373953 TO P574568,3-#4_CU_C,8.43,ABCN,12,168,2175,3216,3300,3714,0.9181,1.6241,1.3363,5.7651,168,2804,3721,4254,4011,4297
035541_035542,P574568 TO P170872,3-#4_CU_C,8.57,ABCN,12,168,2139,3151,3234,3639,0.9563,1.6463,1.3823,5.8495,168,2743,3624,4148,3917,4185
035542_035543,P170872 TO 355-29,3-#4_CU_C,8.71,ABCN,12,168,2106,3093,3175,3572,0.9918,1.667,1.4252,5.928,168,2688,3538,4053,3833,4086
035543_03554301,355-29 TO P474981,3-#4_CU_C,8.85,ABCN,12,168,2073,3035,3115,3504,1.0288,1.6885,1.4697,6.0097,168,2633,3453,3958,3750,3987
0355908A_0355909,P875374 TO P875369,3-#6_CU_C,3.94,A  N,12,169,3336,---,---,---,0.9665,1.0985,1.1306,3.2277,169,3861,---,---,---,---
0355909_0355910,P875369 TO D2430083430,1C#2SAPECN,4.04,A  N,12,169,3284,---,---,---,1.0086,1.1122,1.1727,3.2415,169,3773,---,---,---,---
0355910_0355911,D2430083430 TO D2429483428,1C#2SAPECN,4.08,A  N,12,168,3259,---,---,---,1.0292,1.1189,1.1933,3.2482,168,3731,---,---,---,---
0355910_0355912,D2430083430 TO H2434383420,1C#2SAPECN,4.5,A  N,12,168,3045,---,---,---,1.2137,1.1791,1.3778,3.3083,168,3394,---,---,---,---
0355910_0355919,D2430083430 TO D2431083932,1C#2SAPECN,4.16,A  N,12,168,3216,---,---,---,1.0647,1.1305,1.2288,3.2597,168,3662,---,---,---,---
0355912_0355913,H2434383420 TO D2433883436,1C#2SAPECN,4.57,A  N,12,168,3013,---,---,---,1.2431,1.1886,1.4072,3.3179,168,3346,---,---,---,---
0355912_0355914,H2434383420 TO D2433983410,1C#2SAPECN,4.64,A  N,12,167,2981,---,---,---,1.2725,1.1982,1.4366,3.3275,167,3299,---,---,---,---
0355912_0355915,H2434383420 TO H2438683383,1C#2SAPECN,5.03,A  N,12,167,2805,---,---,---,1.443,1.2538,1.6071,3.383,167,3050,---,---,---,---
0355915_0355916,H2438683383 TO H2431583382,1C#2SAPECN,5.2,A  N,12,166,2734,---,---,---,1.5171,1.2779,1.6812,3.4072,166,2953,---,---,---,---
0355915_0355918,H2438683383 TO D2438783382,1C#2SAPECN,5.08,A  N,12,167,2782,---,---,---,1.4667,1.2615,1.6308,3.3907,167,3019,---,---,---,---
0355916_0355917,H2431583382 TO D2435683366,2ALPECNPID,5.49,A  N,12,166,2687,---,---,---,1.5805,1.2838,1.7446,3.4131,166,2884,---,---,---,---
0355921A_0355922,P870343 TO D2436083330,#2_CU_PECN,4.05,AB N,12,169,3301,4112,4278,---,0.9858,1.0758,1.178,3.2998,169,3801,4337,4925,---,---
0355924A_0355925,P278341 TO H2428083430,#2_CU_PECN,4.69,AB N,12,167,2879,3490,3639,---,1.2516,1.1789,1.4809,3.6633,167,3219,3612,4069,---,---
0355925_0355926,H2428083430 TO D2430083400,#2_CU_PECN,4.94,AB N,12,167,2824,3404,3553,---,1.2991,1.1912,1.5694,3.6834,167,3133,3513,3942,---,---
0355925_0355928,H2428083430 TO D2429083440,#2_CU_PECN,4.76,AB N,12,167,2864,3466,3615,---,1.2646,1.1823,1.5051,3.6688,167,3195,3584,4033,---,---
0355926_0355927,D2430083400 TO CG199999,#2_CU_PECN,4.95,AB N,12,167,2822,3401,3550,---,1.3011,1.1917,1.573,3.6842,167,3130,3509,3937,---,---
0355928_0355929,D2429083440 TO D2431083450,1C#2SAPECN,5.09,AB N,12,167,2727,3269,3416,---,1.3776,1.2124,1.713,3.75,167,2995,3360,3751,---,---
0355930A_0355931,P870351 TO D2433583345,#2_CU_PECN,5.14,AB N,12,167,2684,3209,3352,---,1.4039,1.2346,1.6736,3.8464,167,2959,3298,3695,---,---
0355931_0355932,D2433583345 TO D2447483650,1C#2SAPECN,5.57,AB N,12,166,2525,2988,3126,---,1.5522,1.2741,1.9464,3.9529,166,2736,3052,3388,---,---
0355933A_0355934,P278342 TO P872845,3-#6_CU_B,5.36,AB N,12,166,2500,2960,3093,---,1.5554,1.3004,1.8074,4.1041,166,2738,3028,3388,---,---
0355934_0355935,P872845 TO P872846,3-#2_AL_B,5.63,AB N,12,166,2405,2844,2973,---,1.6272,1.3423,1.8938,4.2575,166,2629,2907,3249,---,---
0355934_0355936,P872845 TO P878194,3-#2_AL_B,5.45,AB N,12,166,2467,2920,3051,---,1.5796,1.3145,1.8365,4.1558,166,2700,2986,3340,---,---
0355936_0355937,P878194 TO P878195,3-#2_AL_B,5.75,AB N,12,166,2364,2794,2921,---,1.6602,1.3616,1.9335,4.328,166,2581,2854,3189,---,---
0355939A_0355940,P872877 TO D2421083660,1C#2SAPECN,5.36,AB N,12,166,2507,2969,3103,---,1.5508,1.2955,1.8201,4.0813,166,2743,3038,3396,---,---
0355940_0355941,D2421083660 TO D2436583330,1C#2SAPECN,5.69,AB N,12,166,2399,2822,2953,---,1.6628,1.3254,2.0261,4.1617,166,2595,2876,3194,---,---
0355941_0355942,D2436583330 TO D2425083670,2ALPECNPID,5.92,AB N,12,165,2371,2740,2873,---,1.7379,1.3322,2.0261,4.162,165,2552,2785,3093,---,---
FU 03551383_03551383A,P876854,Device Conductor 10A,6.99, BCN,12,167,2259,2916,3020,---,1.4036,1.5045,1.7436,4.987,167,2610,3068,3489,---,---
FU 03551385_03551385A,P876560,Device Conductor 15A,6.51, BCN,12,167,2408,3132,3242,---,1.2755,1.4297,1.5897,4.7136,167,2807,3316,3779,---,---
FU 03551709_03551709A,P164291,Device Conductor 30A,4.98,A CN,12,171,3294,4859,4992,---,0.4363,1.1552,0.6683,3.8076,171,4549,6166,6893,---,---
FU 035529_035529A,P33580,Device Conductor 15A,6.4, BCN,12,171,2828,4391,4497,---,0.3817,1.3121,0.6894,4.5796,171,4061,5894,6457,---,---
FU 03553207_03553207A,P671940,Device Conductor 30A,6.91,A CN,12,170,2634,4043,4143,---,0.5171,1.3909,0.8527,4.8788,170,3653,5150,5745,---,---
FU 035532_035532A,P108521,Device Conductor 75A,6.86, BCN,12,170,2655,4080,4180,---,0.5023,1.3823,0.8349,4.8461,170,3694,5222,5816,---,---
FU 035533_035533A,P373950,Device Conductor 75A,7.07,ABCN,12,170,2581,3947,4045,4558,0.5573,1.4143,0.9013,4.9678,170,3546,4961,5557,5161,5729
FU 035536_035536A,P373951,Device Conductor 15A,7.61,A CN,12,169,2405,3629,3721,---,0.7007,1.4977,1.0741,5.2845,169,3210,4385,4966,---,---
FU 035538_035538A,P373952,Device Conductor 20A,7.95, BCN,12,169,2305,3448,3536,---,0.7907,1.5501,1.1827,5.4836,169,3029,4084,4648,---,---
FU 035540_035540A,P373953,Device Conductor 15A,8.28,AB N,12,168,2217,3291,3377,---,0.8752,1.5992,1.2846,5.6703,168,2876,3836,4380,---,---
FU 035542_035542A,P170872,Device Conductor 15A,8.58,A CN,12,168,2139,3151,3234,---,0.9563,1.6463,1.3823,5.8495,168,2743,3624,4148,---,---
FU 03554301_03554301A,P474981,Device Conductor 15A,8.86, BCN,12,168,2073,3035,3115,---,1.0288,1.6885,1.4697,6.0097,168,2633,3453,3958,---,---
RC 03552502_03552502A,355-6R,Device Conductor 630A,6.33,ABCN,12,171,2875,4510,4617,5208,0.3078,1.2942,0.6122,4.5367,171,4229,6294,6792,6284,7268
SW 035543_035543A,355-29,Device Conductor 600A,8.72,ABCN,12,168,2106,3093,3175,3572,0.9918,1.667,1.4252,5.928,168,2688,3538,4053,3833,4086
03551383A_03551384,P876854 TO D2437583700,1C#2SAPECN,7.3, BCN,12,166,2183,2788,2891,---,1.5101,1.5329,1.9396,5.0635,166,2483,2912,3289,---,---
03551385A_03551386,P876560 TO D2403083330,2ALPECNPID,6.7, BCN,12,167,2389,3060,3171,---,1.3359,1.4352,1.5897,4.7137,167,2768,3220,3674,---,---
03551709A_03551710,P164291 TO D132219,1C#2SAPECN,5.4,A CN,12,170,3132,4523,4653,---,0.5795,1.1934,0.9316,3.9105,170,4090,5418,6076,---,---
03551710_03551711,D132219 TO D124769,1C#2SAPECN,5.63,A CN,12,170,3044,4345,4474,---,0.6575,1.2142,1.0753,3.9665,170,3873,5076,5691,---,---
03551710_03551712,D132219 TO D132222,1C#2SAPECN,5.93,A CN,12,169,2931,4123,4250,---,0.7593,1.2413,1.2624,4.0396,169,3619,4688,5247,---,---
03551710_03551714,D132219 TO D134098,1C#2SAPECN,5.9,A CN,12,169,2942,4143,4270,---,0.75,1.2389,1.2454,4.033,169,3641,4721,5285,---,---
03551712_03551713,D132222 TO D124783,1C#2SAPECN,6.29,A CN,12,168,2799,3872,3996,---,0.8822,1.2741,1.4885,4.1279,168,3350,4289,4783,---,---
03552502A_03552503,355-6R TO P75962,3-336_AL_C,6.5,ABCN,12,171,2819,4433,4537,5119,0.3168,1.3159,0.6307,4.6328,171,4140,6173,6665,6168,7127
03552503_03552510,P75962 TO P75963,3-336_AL_C,6.81,ABCN,12,171,2724,4301,4401,4967,0.333,1.3547,0.6636,4.8047,171,3991,5966,6449,5970,6889
03552510_03552513,P75963 TO P75964,3-336_AL_C,7.3,ABCN,12,171,2588,4111,4205,4747,0.3581,1.415,0.7148,5.0719,171,3779,5671,6140,5686,6548
03552513_03552514,P75964 TO 355-72,3-336_AL_C,7.42,ABCN,12,171,2555,4064,4157,4693,0.3646,1.4306,0.7281,5.1409,171,3728,5599,6065,5617,6466
035529A_03552901,P33580 TO P33581,3-#2_AL_B,6.45, BCN,12,171,2808,4353,4459,---,0.3955,1.3203,0.7061,4.6092,171,4015,5809,6377,---,---
03553207A_03553208,P671940 TO H2433582500,1C#2SAPECN,7.06,A CN,12,170,2598,3961,4060,---,0.5677,1.4044,0.9459,4.9152,170,3541,4950,5534,---,---
03553208_03553209,H2433582500 TO D2434582468,2ALPECNPID,7.54,A CN,12,169,2561,3766,3866,---,0.7249,1.4188,0.9459,4.9157,169,3396,4459,5126,---,---
03553209_03553210,D2434582468 TO D120298,1C#2SAPECN,7.72,A CN,12,169,2517,3668,3767,---,0.7855,1.4349,1.0574,4.9592,169,3278,4275,4907,---,---
035532A_03553201,P108521 TO P373444,3-#2_AL_B,7, BCN,12,170,2604,3986,4085,---,0.5408,1.4048,0.8811,4.9283,170,3590,5037,5633,---,---
035533A_03553301,P373950 TO P170549,3-#6_CU_B,7.41,AB N,12,169,2454,3686,3780,---,0.6996,1.4698,1.0619,5.1641,169,3265,4436,5030,---,---
035536A_03553601,P373951 TO P877611,3-#2_AL_B,7.8,A CN,12,169,2350,3528,3618,---,0.75,1.5265,1.1334,5.3898,169,3110,4215,4787,---,---
035536A_03553602,P373951 TO P876443,3-#2_AL_B,7.87,A CN,12,169,2329,3489,3579,---,0.7693,1.5378,1.1566,5.431,169,3072,4151,4720,---,---
035538A_03553801,P373952 TO P873810,3-#2_AL_B,8.04, BCN,12,169,2280,3403,3491,---,0.8143,1.5638,1.211,5.5338,169,2985,4012,4570,---,---
035540A_03554001,P373953 TO P875483,3-#2_AL_B,8.47,AB N,12,168,2167,3200,3284,---,0.9273,1.6296,1.3472,5.7815,168,2790,3697,4228,---,---
035540A_03554002,P373953 TO P771654,3-#2A5005C,8.38,AB N,12,168,2189,3239,3324,---,0.9077,1.6147,1.3227,5.7309,168,2825,3752,4289,---,---
035542A_03554201,P170872 TO P874483,3-#2_AL_B,8.91,A CN,12,168,2061,3012,3092,---,1.0431,1.6971,1.4867,6.0348,168,2614,3421,3922,---,---
03554301A_03554302,P474981 TO P474982,3-#2_AL_B,8.99, BCN,12,168,2042,2979,3059,---,1.0646,1.7094,1.5128,6.0861,168,2583,3374,3870,---,---
03554302_03554303,P474982 TO CG199999,3-#2_AL_B,9, BCN,12,168,2040,2975,3055,---,1.0672,1.711,1.516,6.0918,168,2579,3369,3863,---,---
03554302_03554304,P474982 TO P876802,3-#2_AL_B,9.24, BCN,12,167,1988,2884,2962,---,1.1292,1.7472,1.5904,6.224,167,2497,3241,3719,---,---
03554304_03554305,P876802 TO P876803,3-#2_AL_B,9.5, BCN,12,167,1934,2788,2864,---,1.1986,1.7877,1.6739,6.3722,167,2410,3108,3569,---,---
035543A_035544,355-29 TO H115445,1000AXLPEP,9,ABCN,12,168,2098,3074,3156,3550,1.0001,1.6761,1.4487,5.9348,168,2673,3514,4020,3808,4058
035544_03554401,H115445 TO D139397,2/0AL_PECN,9.06,ABCN,12,168,2091,3063,3145,3537,1.0095,1.6786,1.476,5.9468,168,2657,3496,3996,3791,4036
035544_035545,H115445 TO H115444,1000AXLPEP,9.79,ABCN,12,168,2076,3023,3105,3490,1.0229,1.7012,1.514,5.9537,168,2631,3450,3934,3741,3983
035545_035546,H115444 TO 355-28,1000AXLPEP,9.98,ABCN,12,168,2071,3010,3093,3476,1.0283,1.7073,1.5297,5.9582,168,2621,3434,3914,3725,3966
FU 03552503_03552503A,P75962,Device Conductor 150A,6.51,ABCN,12,171,2819,4433,4537,5119,0.3168,1.3159,0.6307,4.6328,171,4140,6172,6665,6168,7127
FU 03552510_03552510A,P75963,Device Conductor 100A,6.82,ABCN,12,171,2724,4301,4401,4966,0.333,1.3547,0.6636,4.8047,171,3991,5966,6449,5970,6889
FU 03552514_03552514A,P773922,Device Conductor 150A,7.43,ABCN,12,171,2555,4064,4157,4693,0.3646,1.4306,0.7281,5.1409,171,3728,5599,6065,5617,6466
FU 03554401_03554401A,D139397,Device Conductor 150A,9.07,ABCN,12,168,2091,3063,3145,3537,1.0095,1.6786,1.476,5.9468,168,2657,3496,3996,3791,4036
SW 03552514_035525144A,355-72,Device Conductor 600A,7.43,ABCN,12,171,2555,4064,4157,4693,0.3646,1.4306,0.7281,5.1409,171,3728,5599,6065,5617,6466
SW 035546_035546A,355-28,Device Conductor 600A,9.99,ABCN,12,168,2071,3010,3093,3476,1.0283,1.7073,1.5297,5.9582,168,2621,3434,3913,3725,3966
03552503A_03552504,P75962 TO H100001,2/0AL_PECN,6.6,ABCN,12,171,2804,4410,4514,5092,0.3313,1.3197,0.6723,4.6512,171,4088,6093,6580,6106,7035
03552504_03552505,H100001 TO D100004,1C#2SAPECN,6.85, B N,12,171,2741,---,---,---,0.4404,1.3553,0.7815,4.6868,171,3865,---,---,---,---
03552504_03552507,H100001 TO D100005,1C#2SAPECN,6.76,  CN,12,171,2764,---,---,---,0.4009,1.3424,0.742,4.6739,171,3943,---,---,---,---
03552504_03552509,H100001 TO D100007,1C#2SAPECN,6.71,A  N,12,171,2776,---,---,---,0.3812,1.336,0.7223,4.6675,171,3983,---,---,---,---
03552505_03552506,D100004 TO D100003,1C#2SAPECN,7.06, B N,12,170,2687,---,---,---,0.5329,1.3854,0.874,4.7169,170,3691,---,---,---,---
03552507_03552508,D100005 TO D100006,1C#2SAPECN,6.89,  CN,12,170,2731,---,---,---,0.4575,1.3608,0.7986,4.6923,170,3831,---,---,---,---
03552510A_03552511,P75963 TO P30243,3-#2_AL_C,7.1,ABCN,12,171,2626,4125,4222,4763,0.4066,1.3965,0.7522,4.9647,171,3770,5536,6061,5610,6393
035525144A_03552545,355-72 TO P75965,3-336_AL_C,7.79,ABCN,12,171,2465,3935,4024,4544,0.3834,1.4758,0.7665,5.3413,171,3587,5401,5857,5426,6237
03552514A_03552515,P773922 TO D2429784021,2/0AL_PECN,7.6,ABCN,12,171,2532,4025,4117,4648,0.3928,1.438,0.8095,5.1768,171,3646,5471,5928,5517,6318
03552515_03552516,D2429784021 TO D2430184045,1C#2CUPECN,7.93,  CN,12,170,2461,---,---,---,0.5084,1.4932,0.9251,5.2321,170,3439,---,---,---,---
03552515_03552517,D2429784021 TO D2430484015,1C#2CUPECN,7.67,  CN,12,170,2516,---,---,---,0.418,1.45,0.8347,5.1889,170,3599,---,---,---,---
03552515_03552518,D2429784021 TO D2432484010,#4_CU_PECN,7.91,AB N,12,170,2486,3911,4002,---,0.4886,1.4544,0.9812,5.2184,170,3461,5093,5571,---,---
03552515_03552532,D2429784021 TO H2428184035,1C#2SAPECN,7.82,ABCN,12,170,2485,3918,4009,4524,0.4685,1.4582,0.9487,5.2312,170,3485,5151,5622,5262,5948
03552518_03552519,D2432484010 TO D2432184030,#4_CU_PECN,8.08, B N,12,170,2461,---,---,---,0.5542,1.4678,1.0469,5.2318,170,3367,---,---,---,---
03552518_03552522,D2432484010 TO D2434484012,#4_CU_PECN,8.11,AB N,12,170,2456,3835,3926,---,0.5495,1.4648,1.0904,5.2447,170,3352,4874,5358,---,---
03552519_03552520,D2432184030 TO D2432784051,#4_CU_PECN,8.31, B N,12,169,2424,---,---,---,0.6464,1.4867,1.1391,5.2507,169,3242,---,---,---,---
03552520_03552521,D2432784051 TO D2433784044,#4_CU_PECN,8.47, B N,12,169,2399,---,---,---,0.7066,1.499,1.1992,5.263,169,3165,---,---,---,---
03552522_03552523,D2434484012 TO D2436084045,1C#2SAPECN,8.54, B N,12,169,2361,---,---,---,0.7393,1.5267,1.2802,5.3066,169,3087,---,---,---,---
03552522_03552524,D2434484012 TO D2435684016,1C#2SAPECN,8.29,A  N,12,169,2416,---,---,---,0.6288,1.4907,1.1697,5.2706,169,3236,---,---,---,---
03552524_03552525,D2435684016 TO D2436584026,#4_CU_PECN,8.42,A  N,12,169,2396,---,---,---,0.6796,1.5011,1.2205,5.281,169,3171,---,---,---,---
03552525_03552526,D2436584026 TO D2438184021,2ALPECNPID,8.68,A  N,12,169,2377,---,---,---,0.736,1.5064,1.2769,5.2863,169,3106,---,---,---,---
03552525_03552530,D2436584026 TO H2436884028,#2_CU_PECN,8.62,A  N,12,169,2374,---,---,---,0.73,1.5134,1.2709,5.2933,169,3107,---,---,---,---
03552526_03552527,D2438184021 TO D2437684004,#4_CU_PECN,8.87,A  N,12,169,2346,---,---,---,0.8118,1.5219,1.3527,5.3018,169,3015,---,---,---,---
03552527_03552528,D2437684004 TO D2434783988,1C#2SAPECN,9.18,A  N,12,168,2276,---,---,---,0.9495,1.5667,1.4903,5.3466,168,2852,---,---,---,---
03552528_03552529,D2434783988 TO D2430583976,1C#2SAPECN,9.64,A  N,12,167,2178,---,---,---,1.1476,1.6313,1.6885,5.4112,167,2642,---,---,---,---
03552530_03552531,H2436884028 TO D2437484030,1C#2CUPECN,8.71,A  N,12,169,2354,---,---,---,0.7609,1.5281,1.3018,5.308,169,3063,---,---,---,---
03552532_03552533,H2428184035 TO H2425684062,2/0AL_PECN,8.26,ABCN,12,170,2423,3813,3902,4403,0.5415,1.4773,1.159,5.3238,170,3300,4872,5314,5034,5626
03552532_03552537,H2428184035 TO D2429184037,2ALPECNPID,7.87, B N,12,170,2482,---,---,---,0.4799,1.4592,0.9601,5.2322,170,3470,---,---,---,---
03552532_03552541,H2428184035 TO D2428384033,2ALPECNPID,7.9,  CN,12,170,2480,---,---,---,0.4858,1.4598,0.966,5.2328,170,3462,---,---,---,---
03552533_03552534,H2425684062 TO D2424484066,2ALPECNPID,8.39,A  N,12,170,2415,---,---,---,0.5693,1.4799,1.1868,5.3264,170,3265,---,---,---,---
03552545_03552546,P75965 TO P876238,3-336_AL_C,7.94,ABCN,12,171,2429,3885,3972,4485,0.3911,1.4943,0.7822,5.4231,171,3533,5325,5776,5352,6148
03552546_03552547,P876238 TO P75966,3-336_AL_C,8.03,ABCN,12,171,2409,3856,3942,4452,0.3956,1.5051,0.7914,5.4711,171,3502,5280,5730,5309,6097
03552547_03552553,P75966 TO P571866,3-336_AL_C,8.31,ABCN,12,170,2346,3765,3849,4347,0.4101,1.5399,0.821,5.6255,170,3405,5143,5585,5177,5939
03552553_03552571,P571866 TO P75967,3-336_AL_C,8.5,ABCN,12,170,2304,3704,3786,4277,0.4203,1.5644,0.8417,5.7339,170,3340,5051,5488,5087,5833
03552571_03552573,P75967 TO P75968,3-336_AL_C,8.73,ABCN,12,170,2257,3636,3716,4198,0.4321,1.5927,0.8658,5.8593,170,3268,4949,5380,4988,5715
03552573_03552574,P75968 TO P75969,3-336_AL_C,8.83,ABCN,12,170,2236,3605,3684,4163,0.4375,1.6057,0.8768,5.917,170,3236,4903,5332,4943,5662
03552574_03552575,P75969 TO P75970,3-336_AL_C,9.09,ABCN,12,170,2186,3531,3608,4078,0.451,1.6381,0.9043,6.0604,170,3159,4793,5215,4836,5534
03552575_03552576,P75970 TO P877898,3-336_AL_C,9.19,ABCN,12,170,2168,3506,3582,4048,0.4558,1.6496,0.9141,6.1115,170,3132,4755,5175,4799,5490
03552576_03552577,P877898 TO 355-1385CW,3-336_AL_C,9.33,ABCN,12,170,2141,3465,3540,4001,0.4636,1.6682,0.9299,6.1939,170,3090,4695,5112,4740,5421
03552576_03552631,P877898 TO P173843,3-#4_CU_B,9.21,AB N,12,170,2162,3494,3570,---,0.463,1.6539,0.9227,6.127,170,3118,4726,5149,---,---
03552577_03552578,355-1385CW TO P134789,3-336_AL_C,9.47,ABCN,12,170,2116,3429,3503,3959,0.4707,1.6853,0.9445,6.2699,170,3053,4641,5054,4687,5358
03552578_03552579,P134789 TO 355-65R,3-336_AL_C,9.52,ABCN,12,170,2107,3416,3489,3944,0.4734,1.6917,0.9499,6.2981,170,3039,4621,5033,4668,5336
03552901_03552902,P33581 TO P33582,3-#2_AL_B,6.75, BCN,12,170,2694,4147,4249,---,0.4751,1.3667,0.8018,4.7791,170,3773,5360,5950,---,---
03553201_03553202,P373444 TO P373445,3-#2A5005C,7.2, BCN,12,170,2535,3858,3955,---,0.6016,1.4339,0.9527,5.0419,170,3448,4781,5378,---,---
03553202_03553203,P373445 TO P278130,3-#2A5005C,7.41, BCN,12,169,2464,3726,3820,---,0.6676,1.4655,1.0302,5.1651,169,3305,4530,5123,---,---
03553301_03553302,P170549 TO P170550,3-#6_CU_B,7.71,AB N,12,169,2349,3472,3563,---,0.8248,1.5186,1.2033,5.337,169,3050,4053,4627,---,---
03553302_03553303,P170550 TO P108874,3-#6_CU_B,7.91,AB N,12,168,2281,3333,3422,---,0.9115,1.5524,1.3012,5.4567,168,2917,3824,4377,---,---
03553303_03553304,P108874 TO P108875,3-#6_CU_C,8.05,AB N,12,168,2237,3246,3334,---,0.9688,1.5741,1.3659,5.5371,168,2834,3686,4225,---,---
03553303_03553307,P108874 TO P170551,3-#6_CU_B,8.02,AB N,12,168,2245,3262,3350,---,0.9577,1.5704,1.3534,5.5205,168,2850,3711,4253,---,---
03553304_03553305,P108875 TO P108876,3-#6_CU_C,8.25,AB N,12,168,2177,3128,3215,---,1.0503,1.605,1.4579,5.6516,168,2724,3506,4023,---,---
03553305_03553306,P108876 TO P108877,3-#6_CU_C,8.59,AB N,12,167,2077,2936,3020,---,1.1933,1.6592,1.6194,5.8524,167,2550,3228,3707,---,---
03553307_03553309,P170551 TO P170552,3-#6_CU_B,8.22,AB N,12,168,2184,3141,3228,---,1.0396,1.6024,1.4459,5.6335,168,2738,3527,4046,---,---
03553309_03553310,P170552 TO P870340,3-#2A5005C,8.45,AB N,12,168,2124,3033,3118,---,1.111,1.6366,1.5297,5.7668,168,2638,3374,3873,---,---
03553309_03553312,P170552 TO P170553,3-#6_CU_B,8.52,AB N,12,167,2098,2972,3056,---,1.1628,1.6504,1.585,5.8036,167,2585,3281,3767,---,---
03553310_03553311,P870340 TO P870341,3-#2A5005C,8.62,AB N,12,167,2081,2958,3042,---,1.1632,1.6616,1.5911,5.8643,167,2569,3270,3755,---,---
03553312_03553313,P170553 TO P173721,3-#6_CU_B,8.75,AB N,12,167,2033,2849,2932,---,1.2593,1.688,1.6939,5.9368,167,2476,3110,3570,---,---
03553313_03553314,P173721 TO P173722,3-#6_CU_B,9.09,AB N,12,166,1944,2680,2761,---,1.4033,1.7442,1.8565,6.1355,166,2329,2886,3309,---,---
03553314_03553315,P173722 TO P173723,3-#6_CU_B,9.36,AB N,12,166,1878,2560,2638,---,1.5157,1.788,1.9834,6.2907,166,2226,2732,3128,---,---
03553314_03553323,P173722 TO P173854,3-#6_CU_B,9.44,AB N,12,166,1858,2524,2602,---,1.5505,1.8016,2.0227,6.3387,166,2196,2688,3075,---,---
03553314_03553336,P173722 TO P177316,3-#6_CU_B,9.29,AB N,12,166,1895,2591,2671,---,1.4853,1.7762,1.9491,6.2487,166,2253,2772,3175,---,---
03553315_03553316,P173723 TO P173724,3-#6_CU_B,9.6,AB N,12,165,1822,2459,2536,---,1.6167,1.8274,2.0975,6.4301,165,2140,2607,2980,---,---
03553316_03553317,P173724 TO P173725,3-#6_CU_B,9.81,AB N,12,165,1777,2379,2455,---,1.7029,1.861,2.1948,6.5491,165,2072,2509,2863,---,---
03553317_03553318,P173725 TO P174018,3-#6_CU_B,10.11,AB N,12,164,1713,2268,2342,---,1.8301,1.9106,2.3385,6.7247,164,1979,2377,2706,---,---
03553318_03553319,P174018 TO P174019,3-#6_CU_B,10.45,AB N,12,164,1646,2154,2226,---,1.9735,1.9666,2.5004,6.9227,164,1884,2244,2547,---,---
03553319_03553320,P174019 TO P104937,3-#6_CU_B,10.72,AB N,12,163,1598,2073,2144,---,2.0839,2.0096,2.625,7.075,163,1816,2151,2437,---,---
03553320_03553321,P104937 TO P104938,3-#2_AL_B,10.87,AB N,12,163,1576,2040,2110,---,2.1247,2.0335,2.6741,7.1622,163,1788,2115,2395,---,---
03553320_03553322,P104937 TO P174020,3-#6_CU_B,10.76,AB N,12,163,1590,2060,2131,---,2.101,2.0163,2.6444,7.0986,163,1806,2137,2420,---,---
03553323_03553324,P173854 TO CG199999,3-#6_CU_B,9.45,AB N,12,166,1856,2520,2598,---,1.5546,1.8032,2.0274,6.3444,166,2192,2683,3069,---,---
03553323_03553325,P173854 TO P173855,3-#6_CU_B,9.65,AB N,12,165,1811,2440,2517,---,1.637,1.8353,2.1204,6.4581,165,2124,2584,2951,---,---
03553325_03553326,P173855 TO P161231,3-#6_CU_B,9.9,AB N,12,165,1757,2345,2420,---,1.7407,1.8757,2.2374,6.6012,165,2044,2468,2815,---,---
03553326_03553327,P161231 TO P173856,3-#6_CU_B,9.95,AB N,12,165,1746,2325,2400,---,1.7628,1.8844,2.2625,6.6318,165,2028,2445,2787,---,---
03553327_03553328,P173856 TO P374925,3-#6_CU_B,10.14,AB N,12,164,1707,2258,2332,---,1.8424,1.9154,2.3523,6.7416,164,1971,2365,2692,---,---
03553328_03553329,P374925 TO P372809,3-#6_CU_B,10.24,AB N,12,164,1687,2222,2296,---,1.8859,1.9324,2.4015,6.8017,164,1941,2323,2642,---,---
03553329_03553330,P372809 TO P572810,3-#6_CU_B,10.34,AB N,12,164,1668,2191,2264,---,1.9257,1.9479,2.4464,6.8566,164,1915,2287,2598,---,---
03553330_03553331,P572810 TO P372811,3-#6_CU_B,10.54,AB N,12,164,1631,2128,2200,---,2.0072,1.9797,2.5384,6.9691,164,1863,2215,2513,---,---
03553331_03553332,P372811 TO P372812,3-#6_CU_B,10.74,AB N,12,163,1595,2067,2138,---,2.0912,2.0124,2.6333,7.0851,163,1812,2145,2430,---,---
03553332_03553333,P372812 TO P372813,3-#6_CU_B,10.93,AB N,12,163,1561,2011,2081,---,2.1727,2.0442,2.7253,7.1976,163,1765,2081,2354,---,---
03553336_03553337,P177316 TO P177317,3-#6_CU_B,9.54,AB N,12,165,1836,2484,2562,---,1.591,1.8174,2.0685,6.3946,165,2162,2638,3016,---,---
03553337_03553339,P177317 TO P273228,3-#6_CU_B,9.84,AB N,12,165,1769,2366,2442,---,1.7169,1.8665,2.2106,6.5684,165,2062,2494,2845,---,---
03553339_03553340,P273228 TO P273229,3-#6_CU_B,10.15,AB N,12,164,1706,2256,2330,---,1.8449,1.9164,2.3552,6.7452,164,1969,2363,2689,---,---
03553340_03553341,P273229 TO P273230,3-#6_CU_B,10.33,AB N,12,164,1670,2194,2268,---,1.9206,1.9459,2.4407,6.8497,164,1918,2291,2604,---,---
03553341_03553342,P273230 TO P273231,3-#6_CU_B,10.53,AB N,12,164,1631,2128,2200,---,2.007,1.9796,2.5383,6.9689,164,1863,2215,2513,---,---
03553342_03553343,P273231 TO P273232,3-#6_CU_B,10.68,AB N,12,163,1605,2085,2156,---,2.0666,2.0028,2.6055,7.0511,163,1827,2165,2453,---,---
03553343_03553344,P273232 TO P273233,3-#6_CU_B,10.9,AB N,12,163,1565,2019,2089,---,2.1618,2.04,2.713,7.1826,163,1771,2090,2364,---,---
03553344_03553345,P273233 TO P273234,3-#6_CU_B,11.18,AB N,12,162,1519,1944,2013,---,2.2764,2.0846,2.8424,7.3407,162,1709,2006,2264,---,---
03553602_03553603,P876443 TO CG199999,3-#2_AL_B,7.88,A CN,12,169,2326,3484,3573,---,0.772,1.5393,1.1598,5.4367,169,3067,4143,4711,---,---
03553602_03553604,P876443 TO P876444,3-#2_AL_B,8.1,A CN,12,169,2264,3369,3457,---,0.832,1.5744,1.232,5.565,169,2955,3958,4512,---,---
03553604_03553605,P876444 TO P972446,3-#2_AL_B,8.3,A CN,12,168,2210,3272,3357,---,0.8857,1.6058,1.2965,5.6795,168,2861,3807,4347,---,---
03553605_03553606,P972446 TO P972447,3-#2_AL_B,8.54,A CN,12,168,2150,3164,3248,---,0.948,1.6422,1.3714,5.8125,168,2760,3644,4168,---,---
03553605_03553608,P972446 TO P876445,3-#2_AL_B,8.41,A CN,12,168,2182,3222,3307,---,0.914,1.6223,1.3306,5.74,168,2814,3731,4264,---,---
03553606_03553607,P972447 TO P33698,3-#2_AL_B,8.73,A CN,12,168,2104,3080,3163,---,0.9991,1.672,1.4328,5.9216,168,2682,3520,4031,---,---
03553608_03553609,P876445 TO CG199999,3-#2_AL_B,8.42,A CN,12,168,2180,3218,3302,---,0.9167,1.6239,1.3338,5.7457,168,2810,3724,4256,---,---
03553801_03553802,P873810 TO P873811,3-#2_AL_B,8.21, BCN,12,169,2235,3321,3407,---,0.8586,1.5897,1.2643,5.6284,169,2906,3882,4430,---,---
03553802_03553803,P873811 TO P873812,3-#2_AL_B,8.37, BCN,12,168,2194,3246,3331,---,0.9005,1.6142,1.3147,5.7179,168,2835,3767,4304,---,---
03553803_03553804,P873812 TO P874593,3-#2_AL_B,8.58, BCN,12,168,2139,3147,3230,---,0.9585,1.6481,1.3843,5.8417,168,2742,3618,4140,---,---
03553804_03553805,P874593 TO P874594,3-#2_AL_B,8.84, BCN,12,168,2078,3038,3119,---,1.0263,1.6877,1.4659,5.9865,168,2640,3458,3962,---,---
03553804_03553809,P874593 TO P875339,3-#2_AL_B,8.69, BCN,12,168,2112,3099,3181,---,0.9878,1.6652,1.4197,5.9044,168,2697,3547,4061,---,---
03553805_03553806,P874594 TO P874595,3-#2_AL_B,8.99, BCN,12,168,2042,2973,3053,---,1.0682,1.7122,1.5162,6.0759,168,2581,3366,3859,---,---
03553806_03553807,P874595 TO P874596,3-#2_AL_B,9.19, BCN,12,167,1998,2894,2973,---,1.1216,1.7434,1.5804,6.1899,167,2509,3255,3734,---,---
03553807_03553808,P874596 TO P874597,3-#2_AL_B,9.34, BCN,12,167,1966,2839,2916,---,1.1608,1.7663,1.6276,6.2737,167,2459,3179,3647,---,---
03554002_03554003,P771654 TO P771655,3-#2A5005C,8.67,AB N,12,168,2114,3100,3183,---,0.998,1.658,1.4288,5.8996,168,2693,3538,4054,---,---
03554003_03554004,P771655 TO P775027,3-#2A5005C,8.99,AB N,12,167,2037,2959,3038,---,1.0972,1.7055,1.5453,6.0848,167,2560,3328,3819,---,---
03554004_03554005,P775027 TO CG199999,3-#2A5005C,9,AB N,12,167,2034,2954,3034,---,1.1003,1.707,1.549,6.0906,167,2556,3322,3813,---,---
03554004_03554006,P775027 TO P191778,3-#2A5005C,9.09,AB N,12,167,2015,2920,2998,---,1.1259,1.7193,1.5791,6.1384,167,2524,3271,3756,---,---
03554006_03554007,P191778 TO P775028,3-#2A5005C,9.3,AB N,12,167,1966,2831,2908,---,1.1933,1.7515,1.6582,6.2642,167,2443,3146,3614,---,---
03554007_03554008,P775028 TO P775029,3-#2A5005C,9.59,AB N,12,167,1906,2724,2799,---,1.2798,1.793,1.7599,6.4258,167,2347,2999,3446,---,---
03554007_03554009,P775028 TO P776365,3-#2A5005C,9.46,AB N,12,167,1931,2769,2845,---,1.2427,1.7752,1.7163,6.3565,167,2387,3061,3516,---,---
03554201_03554202,P874483 TO P874484,3-#2_AL_B,9.2,A CN,12,167,1996,2895,2973,---,1.1216,1.7429,1.5811,6.2024,167,2507,3256,3736,---,---
03554401A_03554402,D139397 TO H115445,2/0AL_PECN,9.13,ABCN,12,168,2084,3052,3134,3524,1.019,1.6811,1.5033,5.9589,168,2642,3477,3972,3774,4015
03554402_03554403,H115445 TO D139398,1C#2SAPECN,9.55,ABCN,12,167,2008,2888,2968,3335,1.1653,1.7201,1.7724,6.0639,167,2472,3213,3654,3525,3711
03554402_03554405,H115445 TO D139396,1C#2SAPECN,9.23,A  N,12,168,2066,---,---,---,1.0637,1.6956,1.5481,5.9734,168,2599,---,---,---,---
03554402_03554406,H115445 TO H115444,1C#2SAPECN,9.91,ABCN,12,166,1945,2758,2838,3185,1.2882,1.7528,1.9985,6.1522,166,2343,3020,3419,3338,3487
03554403_03554404,D139398 TO CG199999,1C#2SAPECN,9.56,ABCN,12,167,2006,2884,2965,3330,1.1687,1.721,1.7787,6.0664,167,2468,3208,3647,3520,3704
03554406_03554407,H115444 TO D139394,1C#2SAPECN,9.96,  CN,12,166,1937,---,---,---,1.3093,1.7597,2.0196,6.1591,166,2327,---,---,---,---
03554406_03554410,H115444 TO P574717,1C#2SAPECN,10.05,A CN,12,166,1922,2712,2791,---,1.3338,1.765,2.0823,6.1849,166,2299,2954,3339,---,---
03554406_03554413,H115444 TO D139399,1C#2SAPECN,10.1, B N,12,166,1913,---,---,---,1.3697,1.7794,2.0801,6.1788,166,2282,---,---,---,---
03554406_03554414,H115444 TO P167222,1C#2SAPECN,10.08,A CN,12,166,1916,2699,2778,---,1.3468,1.7684,2.1063,6.1943,166,2286,2936,3316,---,---
03554407_03554408,D139394 TO D139395,1C#2SAPECN,10.23,  CN,12,166,1890,---,---,---,1.4285,1.7986,2.1388,6.1979,166,2239,---,---,---,---
03554408_03554409,D139395 TO CG199999,1C#2SAPECN,10.24,  CN,12,166,1889,---,---,---,1.4329,1.8,2.1432,6.1994,166,2236,---,---,---,---
035546A_035547,355-28 TO P170879,3-#4_CU_C,10.14,ABCN,12,168,2036,2950,3031,3407,1.0683,1.7306,1.5779,6.0466,168,2564,3348,3818,3640,3866
035547_035548,P170879 TO P170880,3-#4_CU_C,10.33,ABCN,12,167,1994,2877,2957,3322,1.1188,1.7599,1.6388,6.1582,167,2497,3244,3703,3537,3746
035548_035549,P170880 TO P170881,3-#4_CU_C,10.59,ABCN,12,167,1939,2784,2862,3215,1.1861,1.7991,1.7199,6.3069,167,2412,3116,3559,3409,3598
035549_035550,P170881 TO P373954,3-#4_CU_C,10.73,ABCN,12,167,1910,2735,2811,3158,1.2238,1.821,1.7653,6.3901,167,2366,3048,3483,3341,3519
035550_035551,P373954 TO P170882,3-#4_CU_C,10.88,ABCN,12,167,1881,2686,2762,3102,1.262,1.8432,1.8114,6.4746,167,2322,2982,3409,3275,3444
035551_035552,P170882 TO P972760,3-#4_CU_C,11.01,ABCN,12,166,1856,2644,2718,3053,1.2962,1.8631,1.8527,6.5502,166,2284,2926,3345,3218,3378
035552_035553,P972760 TO P170883,3-#4_CU_C,11.12,ABCN,12,166,1835,2608,2682,3011,1.3257,1.8802,1.8882,6.6154,166,2252,2879,3291,3170,3324
035553_035554,P170883 TO P33637,3-#4_CU_C,11.2,ABCN,12,166,1820,2582,2655,2981,1.3478,1.8931,1.9149,6.6643,166,2229,2844,3252,3135,3284
035554_035555,P33637 TO P170884,3-#4_CU_C,11.31,ABCN,12,166,1800,2548,2621,2943,1.3768,1.9099,1.9498,6.7282,166,2199,2801,3203,3090,3234
035555_03555501,P170884 TO P174796,3-#6_CU_B,11.45, BCN,12,166,1771,2493,2566,---,1.434,1.9323,2.0145,6.8073,166,2151,2725,3116,---,---
035555_035556,P170884 TO P275918,3-#4_CU_C,11.42,ABCN,12,166,1780,2516,2588,2905,1.4054,1.9266,1.9844,6.7916,166,2170,2759,3155,3047,3185
035556_03555601,P275918 TO P237189,3-#2_AL_C,11.46,ABCN,12,166,1773,2504,2576,2891,1.4164,1.9328,1.9975,6.8154,166,2159,2743,3137,3031,3167
035556_035557,P275918 TO P170885,3-336_AL_C,11.6,ABCN,12,166,1759,2492,2563,2878,1.4144,1.9482,2.0027,6.8873,166,2147,2735,3128,3020,3158
035557_035558,P170885 TO P273064,3-336_AL_C,11.81,ABCN,12,166,1734,2464,2534,2845,1.4254,1.9745,2.025,7.0036,166,2119,2707,3097,2987,3126
035558_035559,P273064 TO P273065,3-336_AL_C,12.16,ABCN,12,166,1692,2417,2484,2791,1.444,2.0192,2.063,7.2017,166,2073,2660,3044,2933,3072
035559_035560,P273065 TO 355-T7-357,3-336_AL_C,12.34,ABCN,12,166,1672,2394,2461,2765,1.4533,2.0414,2.0819,7.3002,166,2052,2638,3019,2907,3046
FU 03552511_03552511A,P30243,Device Conductor 30A,7.11,ABCN,12,171,2626,4125,4222,4763,0.4066,1.3965,0.7522,4.9648,171,3770,5536,6061,5610,6393
FU 03552547_03552547A,P75966,Device Conductor 40A,8.04,  CN,12,171,2409,---,---,---,0.3956,1.5051,0.7914,5.4711,171,3502,---,---,---,---
FU 03552553_03552553A,P571866,Device Conductor 125A,8.32, BCN,12,170,2346,3765,3849,---,0.4101,1.5399,0.821,5.6255,170,3405,5143,5585,---,---
FU 03552571_03552571A,P75967,Device Conductor 15A,8.51, BCN,12,170,2304,3704,3786,---,0.4203,1.5644,0.8417,5.7339,170,3340,5051,5488,---,---
FU 03552578_03552578A,P134789,Device Conductor 80A,9.48,ABCN,12,170,2116,3429,3503,3959,0.4707,1.6854,0.9445,6.2699,170,3053,4641,5054,4687,5358
FU 03552631_03552631A,P173843,Device Conductor 100A,9.22,AB N,12,170,2162,3493,3570,---,0.463,1.6539,0.9227,6.1271,170,3118,4726,5149,---,---
FU 03553203_03553203A,P278130,Device Conductor 25A,7.42, BCN,12,169,2464,3726,3820,---,0.6676,1.4655,1.0302,5.1651,169,3305,4530,5123,---,---
FU 03553307_03553307A,P170551,Device Conductor 15A,8.03,AB N,12,168,2245,3262,3350,---,0.9577,1.5705,1.3534,5.5205,168,2850,3711,4253,---,---
FU 03553326_03553326A,P161231,Device Conductor 30A,9.91,AB N,12,165,1757,2345,2420,---,1.7407,1.8758,2.2374,6.6012,165,2044,2468,2815,---,---
FU 03553337_03553337A,P177317,Device Conductor 20A,9.55,AB N,12,165,1836,2484,2562,---,1.591,1.8174,2.0685,6.3947,165,2162,2638,3016,---,---
FU 03554410_03554410A,P574717,Device Conductor 15A,10.06,A CN,12,166,1922,2712,2791,---,1.3338,1.765,2.0823,6.185,166,2299,2954,3339,---,---
FU 03554414_03554414A,P167222,Device Conductor 15A,10.09,A CN,12,166,1916,2699,2778,---,1.3468,1.7685,2.1063,6.1943,166,2286,2936,3316,---,---
FU 035548_035548A,P170880,Device Conductor 75A,10.34,AB N,12,167,1994,2877,2957,---,1.1188,1.7599,1.6388,6.1582,167,2497,3244,3703,---,---
FU 035549_035549A,P170881,Device Conductor 80A,10.6,ABCN,12,167,1939,2784,2862,3215,1.1861,1.7991,1.7199,6.3069,167,2412,3116,3559,3409,3598
FU 03555501_03555501A,P174796,Device Conductor 15A,11.46, BCN,12,166,1771,2493,2566,---,1.434,1.9323,2.0145,6.8073,166,2151,2725,3116,---,---
FU 03555601_03555601A,P237189,Device Conductor 75A,11.47,ABCN,12,166,1773,2504,2576,2891,1.4164,1.9328,1.9975,6.8154,166,2159,2743,3137,3031,3167
FU 035557_035557A,P170885,Device Conductor 15A,11.61,A CN,12,166,1759,2492,2563,---,1.4144,1.9482,2.0027,6.8873,166,2147,2735,3128,---,---
RC 03552579_03552579A,355-65R,Device Conductor 630A,9.53,ABCN,12,170,2107,3415,3489,3944,0.4734,1.6917,0.9499,6.2981,170,3039,4621,5033,4668,5336
SW 03552534_03552534A,BRGD,Device Conductor 300A,8.4,A  N,12,170,2415,---,---,---,0.5693,1.4799,1.1868,5.3264,170,3265,---,---,---,---
SW 03552537_03552537A,BRGD,Device Conductor 300A,7.88, B N,12,170,2482,---,---,---,0.4799,1.4592,0.9601,5.2322,170,3470,---,---,---,---
SW 03552541_03552541A,BRGD,Device Conductor 300A,7.91,  CN,12,170,2480,---,---,---,0.4858,1.4598,0.966,5.2328,170,3462,---,---,---,---
SW 035560_03573804,TS 355-T7-357,Device Conductor 600A,12.35,ABCN,12,166,1672,2394,2461,2765,1.4533,2.0414,2.0819,7.3002,166,2052,2638,3019,2907,3046
03552511A_03552512,P30243 TO D3453083979,2/0AL_PECN,7.37,ABCN,12,170,2586,4059,4154,4686,0.4505,1.408,0.8787,5.0205,170,3639,5341,5845,5454,6167
03552534A_03552535,D2424484066 TO D2424484065,2ALPECNPID,8.49,A  N,12,169,2409,---,---,---,0.5905,1.4819,1.208,5.3284,169,3240,---,---,---,---
03552535_03552536,D2424484065 TO D2423684030,2ALPECNPID,8.76,A  N,12,169,2390,---,---,---,0.6488,1.4873,1.2664,5.3338,169,3170,---,---,---,---
03552537A_03552538,D2429184037 TO D2425684027,2ALPECNPID,8.13, B N,12,170,2467,---,---,---,0.5332,1.4642,1.0134,5.2372,170,3399,---,---,---,---
03552537A_03552540,D2429184037 TO D2423684041,2ALPECNPID,8.22, B N,12,170,2461,---,---,---,0.5525,1.466,1.0327,5.239,170,3373,---,---,---,---
03552538_03552539,D2425684027 TO D2424484005,2ALPECNPID,8.45, B N,12,170,2445,---,---,---,0.6045,1.4708,1.0847,5.2438,170,3307,---,---,---,---
03552541A_03552542,D2428384033 TO D2421284024,2ALPECNPID,8.03,  CN,12,170,2473,---,---,---,0.5123,1.4622,0.9925,5.2353,170,3426,---,---,---,---
03552542_03552543,D2421284024 TO D2427183995,2ALPECNPID,8.32,  CN,12,170,2454,---,---,---,0.5744,1.468,1.0546,5.241,170,3345,---,---,---,---
03552543_03552544,D2427183995 TO D2428184008,2ALPECNPID,8.53,  CN,12,170,2440,---,---,---,0.6216,1.4724,1.1018,5.2454,170,3286,---,---,---,---
03552547A_03552548,P75966 TO D2443085300,2ALPECNPID,8.11,  CN,12,170,2405,---,---,---,0.412,1.5066,0.8078,5.4727,170,3480,---,---,---,---
03552548_03552549,D2443085300 TO H2444285298,2ALPECNPID,8.38,  CN,12,170,2391,---,---,---,0.4711,1.5121,0.8668,5.4782,170,3403,---,---,---,---
03552549_03552550,H2444285298 TO D2444685304,2ALPECNPID,8.49,  CN,12,170,2385,---,---,---,0.4951,1.5143,0.8908,5.4804,170,3372,---,---,---,---
03552549_03552551,H2444285298 TO D2444285292,2ALPECNPID,8.48,  CN,12,170,2385,---,---,---,0.4934,1.5142,0.8891,5.4802,170,3374,---,---,---,---
03552551_03552552,D2444285292 TO D2444785288,2ALPECNPID,8.57,  CN,12,170,2381,---,---,---,0.5111,1.5158,0.9068,5.4819,170,3352,---,---,---,---
03552553A_03552554,P571866 TO P673820,3-#6_CU_B,8.55, BCN,12,170,2279,3622,3704,---,0.5059,1.5773,0.929,5.7577,170,3230,4765,5250,---,---
03552554_03552555,P673820 TO P170920,3-#6_CU_B,8.74, BCN,12,170,2222,3500,3581,---,0.589,1.6097,1.023,5.8725,170,3091,4474,4981,---,---
03552555_03552561,P170920 TO P203328,3-#6_CU_B,8.98, BCN,12,169,2156,3359,3437,---,0.6885,1.6485,1.1353,6.0098,169,2938,4166,4683,---,---
03552555_03552569,P170920 TO P674313,3-#6_CU_C,8.83, BCN,12,169,2199,3451,3531,---,0.6235,1.6228,1.0619,5.9209,169,3036,4363,4876,---,---
03552561_03552562,P203328 TO P170922,3-#6_CU_C,9.13, BCN,12,169,2117,3276,3353,---,0.7491,1.6715,1.2037,6.0949,169,2851,3997,4516,---,---
03552562_03552563,P170922 TO P171773,3-#6_CU_B,9.21, BCN,12,169,2095,3229,3306,---,0.7838,1.685,1.2429,6.1428,169,2804,3906,4423,---,---
03552563_03552564,P171773 TO P171774,3-#6_CU_B,9.43, BCN,12,168,2038,3106,3182,---,0.8766,1.7212,1.3477,6.2709,168,2684,3680,4190,---,---
03552564_03552565,P171774 TO P172974,3-#6_CU_B,9.66, BCN,12,168,1982,2987,3061,---,0.9718,1.7583,1.4552,6.4024,168,2571,3473,3969,---,---
03552565_03552566,P172974 TO P172975,3-#6_CU_B,9.98, BCN,12,167,1908,2830,2902,---,1.1044,1.81,1.6048,6.5853,167,2427,3219,3692,---,---
03552566_03552567,P172975 TO P270542,3-#6_CU_B,10.1, BCN,12,167,1880,2771,2843,---,1.1567,1.8304,1.6639,6.6575,167,2374,3129,3591,---,---
03552567_03552568,P270542 TO P270543,3-#6_CU_B,10.31, BCN,12,167,1833,2676,2746,---,1.2451,1.8649,1.7638,6.7796,167,2290,2986,3431,---,---
03552569_03552570,P674313 TO CG199999,3-#6_CU_C,8.84, BCN,12,169,2196,3445,3525,---,0.6277,1.6244,1.0666,5.9268,169,3029,4350,4863,---,---
03552571A_03552572,P75967 TO P75979,3-#2_AL_B,8.74, BCN,12,170,2246,3593,3673,---,0.4804,1.5995,0.914,5.8622,170,3211,4791,5251,---,---
03552578A_03552629,P134789 TO D112717,1C#2SAPECN,9.72,ABCN,12,170,2081,3344,3418,3861,0.5522,1.7071,1.0944,6.3284,170,2931,4391,4814,4488,5070
03552579A_03552580,355-65R TO 355-11,3-336_AL_C,9.59,ABCN,12,170,2097,3401,3474,3927,0.4763,1.6988,0.9559,6.3296,170,3024,4599,5010,4646,5310
03552629_03552630,D112717 TO D112718,1C#2SAPECN,9.9,ABCN,12,169,2054,3278,3352,3786,0.6149,1.7238,1.2097,6.3735,169,2843,4214,4640,4344,4866
03552631A_03552632,P173843 TO P677249,3-#6_CU_B,9.4,AB N,12,170,2116,3395,3470,---,0.5385,1.6834,1.008,6.2313,170,3001,4468,4920,---,---
03552631A_03552639,P173843 TO P274913,3-#6_CU_B,9.43,AB N,12,170,2110,3382,3457,---,0.5483,1.6872,1.0191,6.2448,170,2986,4436,4891,---,---
03552632_03552633,P677249 TO P173844,3-#6_CU_B,9.52,AB N,12,169,2087,3331,3405,---,0.5877,1.7025,1.0636,6.2992,169,2928,4313,4778,---,---
03552633_03552634,P173844 TO P971622,3-#6_CU_B,9.93,AB N,12,169,1988,3115,3187,---,0.7603,1.7698,1.2584,6.5374,169,2698,3839,4324,---,---
03552634_03552635,P971622 TO P33550,3-#2_AL_B,10.24,AB N,12,168,1928,2997,3067,---,0.8406,1.8168,1.355,6.709,168,2584,3631,4110,---,---
03552634_03552638,P971622 TO P173845,3-#6_CU_B,10.07,AB N,12,168,1958,3048,3119,---,0.8154,1.7913,1.3207,6.6136,168,2631,3707,4191,---,---
03552639_03552641,P274913 TO P378204,3-#6_CU_B,9.55,AB N,12,169,2079,3315,3389,---,0.6006,1.7075,1.0781,6.3169,169,2910,4274,4742,---,---
03553203A_03553204,P278130 TO D2421383929,1C#2SAPECN,7.53, BCN,12,169,2440,3672,3765,---,0.7032,1.475,1.0957,5.1907,169,3239,4417,4998,---,---
03553204_03553205,D2421383929 TO D2419583945,#2_CU_PECN,7.85, BCN,12,169,2404,3580,3674,---,0.7653,1.491,1.2112,5.2169,169,3134,4234,4789,---,---
03553204_03553206,D2421383929 TO D2423183931,1C#2SAPECN,7.64, BCN,12,169,2415,3615,3708,---,0.7412,1.4852,1.1656,5.218,169,3171,4303,4869,---,---
03553307A_03553308,P170551 TO D2349082950,1C#2SAPECN,8.21,AB N,12,168,2208,3183,3271,---,1.018,1.5865,1.4643,5.5638,168,2765,3582,4096,---,---
03553326A_03553334,P161231 TO D125184,1C#2SAPECN,10.1,AB N,12,164,1729,2293,2368,---,1.8064,1.8933,2.3584,6.6484,164,1995,2405,2732,---,---
03553334_03553335,D125184 TO D133177,1C#2SAPECN,10.44,AB N,12,164,1679,2205,2279,---,1.9239,1.9246,2.5745,6.7328,164,1912,2298,2596,---,---
03553337A_03553338,P177317 TO D129301,1C#2SAPECN,9.98,AB N,12,165,1768,2359,2436,---,1.7383,1.8567,2.3394,6.5004,165,2043,2480,2814,---,---
03554410A_03554411,P574717 TO P574718,3-#6_CU_B,10.27,A CN,12,166,1871,2615,2693,---,1.4229,1.7997,2.1829,6.308,166,2218,2825,3193,---,---
03554414A_03554415,P167222 TO P170877,3-#6_CU_B,10.23,A CN,12,166,1884,2639,2718,---,1.4015,1.7898,2.1681,6.2699,166,2237,2856,3227,---,---
03554415_03554416,P170877 TO P170878,3-#6_CU_B,10.5,A CN,12,165,1821,2522,2599,---,1.5152,1.8341,2.2965,6.4268,165,2140,2704,3054,---,---
03554416_03554417,P170878 TO CG199999,3-#6_CU_B,10.51,A CN,12,165,1819,2518,2594,---,1.5194,1.8358,2.3012,6.4326,165,2137,2698,3048,---,---
03554416_03554418,P170878 TO P470358,3-#6_CU_B,10.94,A CN,12,165,1727,2351,2425,---,1.6983,1.9055,2.5032,6.6796,165,2000,2489,2809,---,---
03554418_03554419,P470358 TO P470359,3-#6_CU_B,11.12,A CN,12,164,1689,2283,2356,---,1.7772,1.9363,2.5922,6.7884,164,1946,2407,2714,---,---
035548A_03554801,P170880 TO P172941,3-#6_CU_B,10.6,AB N,12,167,1931,2754,2832,---,1.2256,1.8016,1.7593,6.3056,167,2385,3061,3498,---,---
035549A_03554901,P170881 TO H2354082455,1C#2SAPECN,10.73,ABCN,12,167,1918,2740,2817,3163,1.2313,1.8111,1.8031,6.3394,167,2365,3046,3474,3343,3517
03555501A_03555502,P174796 TO P677305,3-#2_AL_B,11.68, BCN,12,166,1734,2431,2502,---,1.4917,1.966,2.0838,6.9304,166,2097,2646,3025,---,---
03555502_03555503,P677305 TO P876753,3-#2_AL_B,11.97, BCN,12,165,1687,2352,2422,---,1.5689,2.0111,2.1766,7.0952,165,2028,2547,2911,---,---
03555503_03555504,P876753 TO P876754,3-#2_AL_B,12.26, BCN,12,165,1642,2278,2346,---,1.6463,2.0563,2.2697,7.2605,165,1963,2455,2805,---,---
03555601A_03555602,P237189 TO H111116,1C#2SAPECN,11.64,ABCN,12,166,1749,2456,2527,2836,1.4743,1.9483,2.104,6.857,166,2112,2674,3051,2963,3088
03555602_03555603,H111116 TO D121508,1C#2SAPECN,12.03,ABCN,12,165,1697,2351,2422,2715,1.6058,1.9833,2.3459,6.9514,165,2010,2529,2870,2819,2920
03555603_03555604,D121508 TO D121507,1C#2SAPECN,12.35,ABCN,12,164,1653,2267,2338,2618,1.7174,2.0131,2.5513,7.0316,164,1931,2418,2731,2706,2792
035557A_03555701,P170885 TO P274195,3-#6_CU_B,11.88,A CN,12,165,1704,2388,2457,---,1.5299,1.9933,2.1331,7.0467,165,2057,2593,2965,---,---
FU 03552555_03552555A,P170920,Device Conductor 50A,8.75, B N,12,170,2222,---,---,---,0.589,1.6097,1.023,5.8725,170,3091,---,---,---,---
FU 03552635_03552635A,P33550,Device Conductor 30A,10.25,AB N,12,168,1928,2997,3067,---,0.8406,1.8168,1.355,6.709,168,2584,3631,4110,---,---
FU 03552639_03552639A,P274913,Device Conductor 10A,9.44, B N,12,170,2110,---,---,---,0.5483,1.6872,1.0191,6.2448,170,2986,---,---,---,---
FU 03552641_03552641A,P378204,Device Conductor 15A,9.56,AB N,12,169,2079,3315,3389,---,0.6006,1.7076,1.0781,6.317,169,2910,4274,4742,---,---
SW 03552580_03552580A,355-11,Device Conductor 600A,9.6,ABCN,12,170,2097,3401,3474,3927,0.4763,1.6988,0.9559,6.3296,170,3024,4599,5010,4646,5310
SW 03554411_03554411A,BRGD,Device Conductor 300A,10.28,A CN,12,166,1871,2615,2693,---,1.4229,1.7998,2.1829,6.308,166,2218,2825,3193,---,---
03552555A_03552556,P170920 TO D169902,1C#2SAPECN,8.96, B N,12,169,2187,---,---,---,0.6785,1.6389,1.1124,5.9017,169,2981,---,---,---,---
03552556_03552557,D169902 TO D169920,1C#2SAPECN,9.21, B N,12,169,2142,---,---,---,0.7907,1.6754,1.2246,5.9382,169,2853,---,---,---,---
03552557_03552558,D169920 TO D169921,1C#2SAPECN,9.39, B N,12,168,2111,---,---,---,0.8683,1.7007,1.3022,5.9635,168,2770,---,---,---,---
03552558_03552559,D169921 TO D169924,1C#2SAPECN,9.6, B N,12,168,2075,---,---,---,0.959,1.7303,1.3929,5.9931,168,2678,---,---,---,---
03552559_03552560,D169924 TO D169926,1C#2SAPECN,9.84, B N,12,168,2032,---,---,---,1.0668,1.7654,1.5008,6.0282,168,2575,---,---,---,---
03552580A_03552581,355-11 TO M2437084190,1000AXLPEP,9.83,ABCN,12,170,2091,3384,3457,3907,0.4829,1.706,0.9746,6.335,170,3009,4568,4974,4618,5274
03552581_03552582,TS 355-T2-1458,1000AXLPEP,10.1,ABCN,12,170,2085,3363,3437,3884,0.491,1.715,0.9977,6.3417,170,2991,4530,4931,4584,5230
03552581_03552583,M2437084190 TO M2436784216,2/0AL_PECN,10.19,ABCN,12,169,2057,3323,3396,3837,0.543,1.7218,1.148,6.4114,169,2895,4387,4779,4474,5066
03552583_03552584,M2436784216 TO D2436084125,2/0AL_PECN,10.25,ABCN,12,169,2051,3314,3386,3826,0.5527,1.7244,1.1758,6.4237,169,2877,4359,4749,4452,5033
03552635A_03552636,P33550 TO D100209,1C#2SAPECN,10.47,AB N,12,168,1897,2921,2991,---,0.9177,1.8373,1.4968,6.7643,168,2497,3477,3938,---,---
03552636_03552637,D100209 TO D100210,1C#2SAPECN,10.87,AB N,12,167,1841,2790,2859,---,1.0554,1.874,1.75,6.8632,167,2356,3230,3658,---,---
03552639A_03552640,P274913 TO D2434084190,#2_CU_PECN,9.54, B N,12,170,2103,---,---,---,0.574,1.6934,1.0448,6.2511,170,2958,---,---,---,---
03552641A_03552642,P378204 TO P378205,3-#6_CU_B,9.82,AB N,12,169,2018,3180,3253,---,0.7071,1.7491,1.1984,6.4641,169,2765,3974,4457,---,---
03552642_03552643,P378205 TO P477766,3-#6_CU_B,10.01,AB N,12,169,1974,3084,3155,---,0.7858,1.7798,1.2872,6.5726,169,2667,3777,4262,---,---
03552643_03552644,P477766 TO P477767,3-#6_CU_B,10.17,AB N,12,168,1938,3004,3074,---,0.8531,1.806,1.3632,6.6656,168,2587,3622,4105,---,---
03554411A_03554412,P574718 TO D122321,1C#2SAPECN,10.65,A CN,12,165,1811,2500,2577,---,1.5493,1.8334,2.4154,6.3988,165,2110,2670,3002,---,---
03554801_03554802,P172941 TO P172942,3-#6_CU_B,10.83,AB N,12,166,1877,2650,2727,---,1.321,1.8388,1.867,6.4372,166,2293,2914,3332,---,---
03554802_03554803,P172942 TO P377753,3-#4_CU_B,11.08,AB N,12,166,1829,2570,2645,---,1.3865,1.8781,1.9461,6.5797,166,2223,2812,3214,---,---
03554803_03554804,P377753 TO P377754,3-#4_CU_B,11.27,AB N,12,166,1794,2512,2586,---,1.4366,1.9081,2.0065,6.6884,166,2172,2738,3129,---,---
03554804_03554805,P377754 TO P876685,3-#2_CU_B,11.47,AB N,12,166,1762,2464,2537,---,1.4713,1.9399,2.0523,6.8061,166,2130,2682,3066,---,---
03554805_03554806,P876685 TO P198740,3-#2_AL_C,11.56,AB N,12,166,1748,2441,2513,---,1.4932,1.9523,2.0787,6.8538,166,2109,2653,3032,---,---
03554901_03554902,H2354082455 TO D2355082780,#2_CU_PECN,10.97,AB N,12,166,1898,2695,2772,---,1.2783,1.8232,1.8905,6.3593,166,2321,2977,3389,---,---
03554901_03554903,H2354082455 TO H110376,1C#2SAPECN,11.55,ABCN,12,165,1789,2482,2558,2866,1.5122,1.886,2.3197,6.5411,165,2112,2674,3018,2978,3088
03554903_03554904,H110376 TO D118134,1C#2SAPECN,11.6, B N,12,165,1781,---,---,---,1.5354,1.8936,2.3429,6.5487,165,2097,---,---,---,---
03554903_03554907,H110376 TO D118136,1C#2SAPECN,11.92,  CN,12,165,1734,---,---,---,1.6735,1.9386,2.481,6.5937,165,2014,---,---,---,---
03554903_03554913,H110376 TO H110377,1C#2SAPECN,12.11,A  N,12,164,1707,---,---,---,1.7559,1.9654,2.5634,6.6206,164,1967,---,---,---,---
03554904_03554905,D118134 TO D118135,1C#2SAPECN,11.87, B N,12,165,1741,---,---,---,1.6525,1.9317,2.46,6.5869,165,2026,---,---,---,---
03554905_03554906,D118135 TO CG199999,1C#2SAPECN,11.88, B N,12,165,1740,---,---,---,1.6568,1.9331,2.4643,6.5883,165,2023,---,---,---,---
03554907_03554908,D118136 TO D128220,1C#2SAPECN,12.27,  CN,12,164,1684,---,---,---,1.8282,1.989,2.6357,6.6441,164,1928,---,---,---,---
03554908_03554909,D128220 TO CG199999,1C#2SAPECN,12.28,  CN,12,164,1682,---,---,---,1.8326,1.9904,2.6401,6.6456,164,1925,---,---,---,---
03554908_03554910,D128220 TO D118139,1C#2SAPECN,12.42,  CN,12,164,1663,---,---,---,1.8922,2.0099,2.6997,6.665,164,1894,---,---,---,---
03554910_03554911,D118139 TO CG199999,1C#2SAPECN,12.43,  CN,12,164,1662,---,---,---,1.8966,2.0113,2.7041,6.6664,164,1892,---,---,---,---
03554910_03554912,D118139 TO D118140,1C#2SAPECN,12.69,  CN,12,163,1625,---,---,---,2.0132,2.0493,2.8207,6.7044,163,1834,---,---,---,---
03554913_03554914,H110377 TO D118137,1C#2SAPECN,12.52,A  N,12,164,1649,---,---,---,1.9369,2.0244,2.7444,6.6796,164,1871,---,---,---,---
03554914_03554915,D118137 TO CG199999,1C#2SAPECN,12.53,A  N,12,164,1647,---,---,---,1.9413,2.0259,2.7488,6.681,164,1869,---,---,---,---
03554914_03554916,D118137 TO D118138,1C#2SAPECN,12.92,A  N,12,163,1595,---,---,---,2.1118,2.0814,2.9193,6.7366,163,1787,---,---,---,---
03554916_03554917,D118138 TO CG199999,1C#2SAPECN,12.93,A  N,12,163,1594,---,---,---,2.1162,2.0829,2.9237,6.738,163,1785,---,---,---,---
03555701_03555702,P274195 TO P274196,3-#6_CU_B,12.36,A CN,12,165,1618,2225,2292,---,1.7277,2.0704,2.3564,7.3197,165,1918,2381,2719,---,---
03555702_03555703,P274196 TO P375053,3-#2_CU_B,12.61,A CN,12,164,1585,2178,2244,---,1.7706,2.1097,2.4132,7.4654,164,1878,2329,2659,---,---
03555703_03555704,P375053 TO P375054,3-#2_CU_B,12.75,A CN,12,164,1567,2153,2219,---,1.7944,2.1315,2.4447,7.5463,164,1856,2301,2627,---,---
FU 03552584_03552584A,D2436084125,Device Conductor 150A,10.26,ABCN,12,169,2051,3314,3386,3826,0.5527,1.7244,1.1758,6.4237,169,2877,4359,4749,4452,5033
FU 03552644_03552644A,P477767,Device Conductor 10A,10.18,AB N,12,168,1938,3004,3074,---,0.8531,1.806,1.3632,6.6656,168,2587,3622,4105,---,---
FU 03554806_03554806A,P198740,Device Conductor 30A,11.57,AB N,12,166,1748,2441,2513,---,1.4932,1.9524,2.0787,6.8538,166,2109,2653,3032,---,---
03552584A_03552585,D2436084125 TO D2436984214,2/0AL_PECN,10.3,ABCN,12,169,2047,3306,3378,3818,0.5597,1.7262,1.1959,6.4325,169,2865,4339,4728,4436,5010
03552585_03552586,D2436984214 TO M2436784216,2/0AL_PECN,10.39,ABCN,12,169,2039,3292,3363,3801,0.5743,1.73,1.238,6.4511,169,2839,4298,4683,4402,4963
03552585_03552598,D2436984214 TO M2436784216,2/0AL_PECN,10.39,ABCN,12,169,2039,3292,3363,3801,0.5743,1.73,1.238,6.4511,169,2839,4298,4683,4402,4963
03552585_03552622,D2436984214 TO D2436984197,1C#2SAPECN,10.43,  CN,12,169,2028,---,---,---,0.6193,1.7456,1.2555,6.452,169,2802,---,---,---,---
03552585_03552623,D2436984214 TO M2436784216,1C#2SAPECN,10.39,A  N,12,169,2035,---,---,---,0.5982,1.7388,1.2345,6.4451,169,2824,---,---,---,---
03552586_03552587,M2436784216 TO H2435384203,2/0AL_PECN,10.61,ABCN,12,169,2017,3253,3324,3756,0.612,1.7399,1.3468,6.499,169,2773,4194,4570,4318,4843
03552587_03552588,H2435384203 TO D2435084295,2/0AL_PECN,10.74,ABCN,12,169,2005,3231,3302,3731,0.6333,1.7455,1.4081,6.526,169,2737,4138,4509,4272,4778
03552587_03552589,H2435384203 TO H2435184110,2/0AL_PECN,10.87,ABCN,12,169,1993,3210,3280,3707,0.6541,1.751,1.468,6.5524,169,2703,4084,4450,4227,4716
03552589_03552590,H2435184110 TO D2432984115,2/0AL_PECN,11.17,ABCN,12,168,1964,3159,3228,3648,0.7041,1.7641,1.6121,6.6159,168,2624,3959,4313,4123,4572
03552589_03552593,H2435184110 TO D2360384882,2/0AL_PECN,10.96,ABCN,12,169,1983,3194,3264,3688,0.6702,1.7552,1.5144,6.5728,169,2677,4043,4405,4193,4668
03552589_03552594,H2435184110 TO D2435084110,2/0AL_PECN,10.92,ABCN,12,169,1988,3201,3271,3697,0.6625,1.7532,1.4924,6.5631,169,2689,4062,4426,4209,4691
03552589_03552595,H2435184110 TO H2434284082,1C#2SAPECN,11.08,  CN,12,168,1962,---,---,---,0.747,1.7812,1.5609,6.5827,168,2615,---,---,---,---
03552590_03552591,D2432984115 TO D2431484128,2/0AL_PECN,11.38,ABCN,12,168,1943,3122,3191,3605,0.7403,1.7736,1.7166,6.6619,168,2568,3873,4218,4051,4472
03552591_03552592,D2431484128 TO D2432284148,2/0AL_PECN,11.62,ABCN,12,168,1920,3082,3149,3558,0.78,1.784,1.831,6.7123,168,2510,3782,4118,3974,4367
03552595_03552596,H2434284082 TO D2434284083,1C#2SAPECN,11.12,  CN,12,168,1955,---,---,---,0.7663,1.7875,1.5802,6.5889,168,2597,---,---,---,---
03552595_03552597,H2434284082 TO D2433784071,1C#2SAPECN,11.22,  CN,12,168,1940,---,---,---,0.811,1.8021,1.6249,6.6035,168,2557,---,---,---,---
03552598_03552599,M2436784216 TO H2436884172,2/0AL_PECN,10.77,ABCN,12,169,2002,3227,3298,3726,0.6374,1.7466,1.4201,6.5313,169,2730,4127,4497,4263,4765
03552599_03552600,H2436884172 TO P878744,2/0AL_PECN,11.2,ABCN,12,168,1961,3154,3223,3641,0.7092,1.7654,1.627,6.6224,168,2616,3947,4299,4113,4557
03552599_03552603,H2436884172 TO D2436884171,2/0AL_PECN,10.88,ABCN,12,169,1991,3208,3278,3704,0.6562,1.7515,1.4742,6.5551,169,2700,4078,4444,4223,4709
03552599_03552604,H2436884172 TO H2436884127,2/0AL_PECN,11.38,ABCN,12,168,1943,3122,3191,3605,0.74,1.7735,1.7156,6.6615,168,2569,3874,4219,4051,4473
03552604_03552605,H2436884127 TO P274733,1C#2SAPECN,11.49,A CN,12,168,1928,3085,3154,---,0.7763,1.7832,1.7824,6.6875,168,2528,3790,4136,---,---
03552604_03552607,H2436884127 TO D134240,1C#2SAPECN,11.51,ABCN,12,168,1924,3077,3146,3553,0.7842,1.7853,1.7969,6.6932,168,2519,3773,4118,3965,4356
03552604_03552608,H2436884127 TO H113698,2/0AL_PECN,12.29,ABCN,12,167,1857,2969,3035,3429,0.8916,1.8133,2.1524,6.8539,167,2359,3547,3857,3770,4096
03552608_03552609,H113698 TO H114363,1C#2SAPECN,13.02,ABCN,12,166,1754,2729,2794,3151,1.1406,1.8796,2.6105,7.0327,166,2135,3108,3400,3374,3589
03552608_03552619,H113698 TO D132866,1C#2SAPECN,12.71, B N,12,166,1798,---,---,---,1.0735,1.8726,2.3344,6.9132,166,2226,---,---,---,---
03552609_03552610,H114363 TO D137548,1C#2SAPECN,13.69,ABCN,12,165,1664,2526,2590,2917,1.3693,1.9406,3.0313,7.1971,165,1961,2788,3052,3070,3219
03552609_03552615,H114363 TO D137542,1C#2SAPECN,13.1,A  N,12,166,1744,---,---,---,1.1743,1.8906,2.6442,7.0437,166,2114,---,---,---,---
03552609_03552617,H114363 TO D135874,1C#2SAPECN,13.48,  CN,12,165,1691,---,---,---,1.3426,1.9455,2.8125,7.0986,165,2012,---,---,---,---
03552610_03552611,D137548 TO D137544,1C#2SAPECN,13.76,  CN,12,165,1655,---,---,---,1.3996,1.9505,3.0615,7.2069,165,1945,---,---,---,---
03552610_03552612,D137548 TO D137545,1C#2SAPECN,14.03, B N,12,164,1619,---,---,---,1.5206,1.9899,3.1825,7.2464,164,1882,---,---,---,---
03552612_03552613,D137545 TO D137546,1C#2SAPECN,14.38, B N,12,163,1576,---,---,---,1.6709,2.0389,3.3329,7.2954,163,1808,---,---,---,---
03552613_03552614,D137546 TO D137547,1C#2SAPECN,14.61, B N,12,163,1548,---,---,---,1.7722,2.0719,3.4341,7.3284,163,1762,---,---,---,---
03552615_03552616,D137542 TO D137543,1C#2SAPECN,13.39,A  N,12,165,1704,---,---,---,1.301,1.9319,2.7709,7.085,165,2037,---,---,---,---
03552617_03552618,D135874 TO D135873,1C#2SAPECN,13.77,  CN,12,164,1653,---,---,---,1.4697,1.9869,2.9396,7.14,164,1942,---,---,---,---
03552619_03552620,D132866 TO D132867,1C#2SAPECN,13.18, B N,12,166,1732,---,---,---,1.2795,1.9397,2.5404,6.9803,166,2091,---,---,---,---
03552620_03552621,D132867 TO D132868,1C#2SAPECN,13.49, B N,12,165,1691,---,---,---,1.4154,1.984,2.6763,7.0246,165,2011,---,---,---,---
03552623_03552624,M2436784216 TO D2436984217,1C#2SAPECN,10.44,A  N,12,169,2026,---,---,---,0.6237,1.7471,1.2599,6.4534,169,2797,---,---,---,---
03552624_03552625,D2436984217 TO H2439084217,1C#2SAPECN,10.75,A  N,12,169,1981,---,---,---,0.7578,1.7908,1.394,6.4971,169,2664,---,---,---,---
03552625_03552626,H2439084217 TO D2439184217,2ALPECNPID,10.8,A  N,12,168,1979,---,---,---,0.7678,1.7917,1.4041,6.498,168,2656,---,---,---,---
03552625_03552628,H2439084217 TO D2442184215,2ALPECNPID,11.04,A  N,12,168,1968,---,---,---,0.8216,1.7967,1.4579,6.503,168,2612,---,---,---,---
03552626_03552627,D2439184217 TO D2439984191,2ALPECNPID,11.11,A  N,12,168,1965,---,---,---,0.8369,1.7981,1.4732,6.5045,168,2600,---,---,---,---
03552644A_03552645,P477767 TO H2432084250,1C#2SAPECN,10.26,AB N,12,168,1926,2975,3045,---,0.8819,1.8137,1.4162,6.6863,168,2554,3563,4039,---,---
03552645_03552646,H2432084250 TO D2429284253,1C#2SAPECN,10.57,AB N,12,168,1882,2872,2942,---,0.9863,1.8416,1.6083,6.7613,168,2441,3364,3814,---,---
03554806A_03554807,P198740 TO D163336,1C#2SAPECN,11.71,AB N,12,165,1728,2401,2473,---,1.5429,1.9656,2.1701,6.8894,165,2070,2597,2962,---,---
03554807_03554808,D163336 TO D196232,1C#2SAPECN,11.9,AB N,12,165,1702,2350,2421,---,1.6083,1.983,2.2904,6.9364,165,2020,2527,2874,---,---
03554807_03554809,D163336 TO D162466,1C#2SAPECN,11.84,AB N,12,165,1710,2365,2437,---,1.5884,1.9777,2.2539,6.9222,165,2035,2548,2900,---,---
03554809_03554810,D162466 TO D162468,1C#2SAPECN,12.03,AB N,12,165,1684,2317,2388,---,1.6518,1.9946,2.3704,6.9677,165,1988,2483,2818,---,---
FU 03552600_03552600A,P878744,Device Conductor 15A,11.21,ABCN,12,168,1961,3154,3223,3641,0.7092,1.7654,1.627,6.6224,168,2616,3947,4299,4113,4557
FU 03552605_03552605A,P274733,Device Conductor 15A,11.5,A CN,12,168,1928,3085,3154,---,0.7763,1.7832,1.7824,6.6875,168,2528,3790,4136,---,---
03552600A_03552602,P878744 TO P677603,3-#6_CU_B,11.32,ABCN,12,168,1935,3097,3166,3576,0.7561,1.7837,1.6799,6.6872,168,2562,3828,4190,4010,4421
03552605A_03552606,P274733 TO P274734,3-#6_CU_B,11.61,A CN,12,168,1903,3030,3098,---,0.8227,1.8013,1.8348,6.7517,168,2478,3681,4034,---,---
