Section - Id,Section - Phase Cond,Section - Amp Rating,Section - Dist,Section - Phasing,Volts - Out,Volts - Drop,Into - Amps,Into - pf,% Ldg - Cont,% Ldg - Emer,In - kW,In - kvar,Into - kW,Into - kvar,Into - c.kVA,Into - Cust,Loss - kW,Loss - kvar,Load Cat,Desc
0909_09091,1000AXLPEP,520,0.27,ABCN,126,0,165,100,32,32,0,0,3601,-1,12281,473,1,1,---,909 TO M120836
09091_09092,1000AXLPEP,520,0.77,ABCN,125.9,0,165,100,32,32,0,0,3600,-1,12281,473,1,1,---,M120836 TO H119754
09092_09093,1000AXLPEP,520,1.55,ABCN,125.9,0.1,165,100,32,32,0,0,3599,-3,12281,473,2,2,---,H119754 TO H119755
09093_09094,1000AXLPEP,520,1.76,ABCN,125.9,0,165,100,32,32,0,0,3597,-5,12281,473,0,1,---,H119755 TO 909-1
SW 09094_09094A,Device Conductor 900A,900,1.77,ABCN,125.9,0,165,100,18,18,0,0,3596,-5,12281,473,0,0,---,909-1
09094A_09095,3-636_AL_C,770,1.82,ABCN,125.9,0,165,100,21,21,0,0,3596,-5,12281,473,0,0,---,909-1 TO Z12847
09095_09096,3-3/0_AL_C,300,1.91,ABCN,125.8,0,165,100,55,55,0,0,3596,-6,12281,473,1,1,---,Z12847 TO 909-17R
RC 09096_09096A,Device Conductor 630A,630,1.92,ABCN,125.8,0,165,100,26,26,0,0,3595,-7,12281,473,0,0,---,909-17R
09096A_09097,3-3/0_AL_C,300,2.06,ABCN,125.8,0,165,100,55,55,1,0,3595,-7,12281,473,1,2,---,909-17R TO Z12846
09097_09098,3-3/0_AL_C,300,2.34,ABCN,125.7,0.1,164.9,100,55,55,0,0,3593,-8,12271,471,2,3,---,Z12846 TO Z113393
09098_0909801,3-#6_CU_B,130,2.44,A CN,125.7,0,0.2,-98.5,0,0,0,0,2,0,15,1,0,0,---,Z113393 TO P217478
09098_0909804,3-#6_CU_C,130,2.68,ABCN,125.7,0,0.6,-98.5,0,0,4,-1,12,-2,85,8,0,0,---,Z113393 TO P113394
09098_0909812,3-#6_CU_C,130,2.46,ABCN,125.7,0,0.3,-98.5,0,0,0,0,7,-1,50,4,0,0,---,Z113393 TO P113298
09098_09099,3-3/0_AL_C,300,2.61,ABCN,125.6,0.1,163.9,100,55,55,0,0,3568,-8,12121,458,2,3,---,Z113393 TO Z210656
09099_090910,3-3/0_AL_C,300,2.96,ABCN,125.5,0.1,163.9,100,55,55,2,0,3566,-11,12121,458,3,4,---,Z210656 TO Z817058
090910_090911,3-3/0_AL_C,300,3.3,ABCN,125.4,0.1,163.8,100,55,55,0,0,3561,-14,12106,456,3,4,---,Z817058 TO Z12843
090911_090912,3-3/0_AL_C,300,3.61,ABCN,125.3,0.1,163.8,100,55,55,0,0,3558,-18,12106,456,3,4,---,Z12843 TO Z16470
090912_090913,3-3/0_AL_C,300,3.87,ABCN,125.2,0.1,163.8,100,55,55,0,0,3555,-22,12106,456,2,3,---,Z16470 TO Z12842
090913_09091301,3-#6_CU_C,130,3.91,ABCN,125.2,0,0.3,-98.5,0,0,0,0,6,-1,40,3,0,0,---,Z12842 TO P311110
090913_090914,3-3/0_AL_C,300,4.02,ABCN,125.2,0,163.5,100,55,55,2,0,3547,-24,12066,453,1,2,---,Z12842 TO Z319718
090914_090915,3-3/0_AL_C,300,4.21,ABCN,125.1,0.1,163.4,100,54,54,0,0,3544,-25,12051,452,2,2,---,Z319718 TO Z12841
090915_090916,3-3/0_AL_C,300,4.34,ABCN,125.1,0,163.4,100,54,54,0,0,3542,-27,12051,452,1,2,---,Z12841 TO P318215
090916_09091601,3-#6_CU_B,130,4.43, BCN,125.1,0,0.5,-98.5,0,0,4,-1,7,-1,45,4,0,0,---,P318215 TO P318216
090916_090917,3-3/0_AL_C,300,4.42,ABCN,125.1,0,163.1,100,54,54,0,0,3535,-28,12006,448,1,1,---,P318215 TO P214232
090917_090918,3-3/0_AL_C,300,4.53,ABCN,125,0,163.1,100,54,54,0,0,3534,-28,12006,448,1,1,---,P214232 TO Z214233
090918_090919,3-3/0_AL_C,300,4.69,ABCN,125,0,163.1,100,54,54,0,0,3533,-30,12006,448,1,2,---,Z214233 TO P112705
090919_090920,3-3/0_AL_C,300,4.74,ABCN,125,0,163.1,100,54,54,0,0,3532,-32,12006,448,0,1,---,P112705 TO Z819069
090920_090921,3-3/0_AL_C,300,4.94,ABCN,124.9,0.1,163.1,100,54,54,0,0,3531,-32,12006,448,2,2,---,Z819069 TO Z16464
090921_09092101,3-#6_CU_C,130,5.14,ABCN,124.9,0,6.4,-98.5,5,5,2,0,136,-24,940,51,0,0,---,Z16464 TO P118742
090921_090922,3-3/0_AL_C,300,5.1,ABCN,124.9,0,156.8,100,52,52,0,0,3393,-11,11066,397,1,2,---,Z16464 TO Z12839
090922_090923,3-3/0_AL_C,300,5.35,ABCN,124.8,0.1,156.7,100,52,52,0,0,3388,-12,11041,394,2,3,---,Z12839 TO Z817057
090923_090924,3-3/0_AL_C,300,5.56,ABCN,124.7,0.1,156.7,100,52,52,0,0,3386,-15,11041,394,2,2,---,Z817057 TO Z12838
090924_090925,3-3/0_AL_C,300,5.79,ABCN,124.7,0.1,156.7,100,52,52,0,0,3385,-17,11041,394,2,2,---,Z12838 TO Z617248
090925_09092501,3-#2_AL_C,180,5.97,ABCN,124.7,0,0.5,-98.5,0,0,7,-1,11,-2,75,2,0,0,---,Z617248 TO P617249
090925_090926,3-3/0_AL_C,300,6.01,ABCN,124.6,0.1,156.2,100,52,52,0,0,3372,-17,10966,392,2,2,---,Z617248 TO Z12837
090926_090927,3-3/0_AL_C,300,6.28,ABCN,124.5,0.1,156.2,100,52,52,0,0,3370,-19,10966,392,2,3,---,Z12837 TO Z817056
090927_090928,3-3/0_AL_C,300,6.56,ABCN,124.5,0.1,156.2,100,52,52,0,0,3368,-22,10966,392,2,3,---,Z817056 TO Z12836
090928_090929,3-3/0_AL_C,300,6.78,ABCN,124.4,0.1,156.2,100,52,52,0,0,3366,-25,10966,392,2,2,---,Z12836 TO Z817055
090929_090930,3-3/0_AL_C,300,7.01,ABCN,124.3,0.1,156.2,100,52,52,0,0,3364,-27,10966,392,2,2,---,Z817055 TO Z12835
090930_09093001,3-#6_CU_C,130,7.04,ABCN,124.3,0,0.2,-98.5,0,0,0,0,4,-1,25,2,0,0,---,Z12835 TO P316885
090930_090931,3-3/0_AL_C,300,7.23,ABCN,124.3,0.1,156,100,52,52,0,0,3359,-29,10941,390,2,2,---,Z12835 TO Z817054
090931_090932,3-3/0_AL_C,300,7.45,ABCN,124.2,0.1,156,100,52,52,0,0,3357,-32,10941,390,2,2,---,Z817054 TO Z12834
090932_09093201,3-#6_CU_C,130,7.54,ABCN,124.2,0,1.8,-98.5,1,1,0,0,39,-7,270,10,0,0,---,Z12834 TO P16456
090932_090933,3-3/0_AL_C,300,7.91,ABCN,124.1,0.1,154.2,100,51,51,0,0,3317,-27,10671,380,3,5,---,Z12834 TO Z12833
090933_09093301,3-#6_CU_C,130,7.95,ABCN,124.1,0,0.7,-98.5,1,1,0,0,14,-2,100,2,0,0,---,Z12833 TO P316886
090933_090934,3-3/0_AL_C,300,8.36,ABCN,124,0.1,153.5,100,51,51,0,0,3299,-29,10571,378,3,5,---,Z12833 TO Z12832
090934_090935,3-3/0_AL_C,300,8.78,ABCN,123.8,0.1,153.5,100,51,51,0,0,3296,-34,10571,378,3,4,---,Z12832 TO Z12831
090935_090936,3-3/0_AL_C,300,9.02,ABCN,123.8,0.1,153.5,100,51,51,0,0,3292,-38,10571,378,2,2,---,Z12831 TO Z112706
090936_090937,3-3/0_AL_C,300,9.26,ABCN,123.7,0.1,153.5,100,51,51,0,0,3291,-40,10571,378,2,2,---,Z112706 TO Z12830
090937_09093701,3-#6_CU_C,130,9.43,ABCN,123.7,0,7.6,-98.6,6,6,0,0,160,-28,1123,36,0,0,---,Z12830 TO P16448
090937_090938,3-3/0_AL_C,300,9.47,ABCN,123.6,0.1,146,100,49,49,0,0,3129,-15,9449,342,1,2,---,Z12830 TO Z112707
090938_090939,3-3/0_AL_C,300,9.7,ABCN,123.6,0.1,146,100,49,49,0,0,3127,-17,9449,342,2,2,---,Z112707 TO Z12829
090939_09093901,3-#6_CU_C,130,9.73,ABCN,123.6,0,0.5,-98.5,0,0,0,0,11,-2,75,1,0,0,---,Z12829 TO P110644
090939_09093903,3-#6_CU_C,130,10,ABCN,123.6,0,2.1,-98.5,2,2,0,0,44,-8,310,11,0,0,---,Z12829 TO P18686
090939_090940,3-3/0_AL_C,300,9.95,ABCN,123.5,0.1,143.5,100,48,48,4,-1,3071,-10,9064,330,2,2,---,Z12829 TO Z112708
090940_090941,3-3/0_AL_C,300,10.14,ABCN,123.5,0.1,143.3,100,48,48,1,0,3066,-11,9039,329,1,2,---,Z112708 TO Z12828
090941_090942,3-3/0_AL_C,300,10.25,ABCN,123.4,0,143.2,100,48,48,0,0,3063,-13,9029,328,1,1,---,Z12828 TO P814881
090942_09094201,3-#2_AL_B,180,10.35,AB N,123.4,0,0.3,-98.5,0,0,0,0,4,-1,25,1,0,0,---,P814881 TO P814882
090942_090943,3-3/0_AL_C,300,10.37,ABCN,123.4,0,143.1,100,48,48,4,-1,3059,-13,9004,327,1,1,---,P814881 TO Z112709
090943_090944,3-3/0_AL_C,300,10.61,ABCN,123.3,0.1,142.9,100,48,48,3,0,3054,-13,8979,326,2,2,---,Z112709 TO Z12827
090944_090945,3-3/0_AL_C,300,10.83,ABCN,123.3,0.1,142.8,100,48,48,0,0,3050,-15,8959,325,1,2,---,Z12827 TO Z112710
090945_090946,3-3/0_AL_C,300,11.07,ABCN,123.2,0.1,142.8,100,48,48,0,0,3049,-17,8959,325,2,2,---,Z112710 TO Z12826
090946_09094601,3-#6_CU_C,130,11.11,ABCN,123.2,0,0.5,-98.5,0,0,0,0,11,-2,75,2,0,0,---,Z12826 TO P316887
090946_090947,3-3/0_AL_C,300,11.38,ABCN,123.1,0.1,142.3,100,47,47,3,0,3036,-17,8884,323,2,3,---,Z12826 TO Z515458
090947_090948,3-3/0_AL_C,300,11.51,ABCN,123.1,0,142.1,100,47,47,0,0,3032,-19,8864,323,1,1,---,Z515458 TO Z12825
090948_09094801,3-#2A5005C,180,11.56,AB N,123.1,0,0.4,-98.5,0,0,2,0,6,-1,40,5,0,0,---,Z12825 TO P110645
090948_090949,3-3/0_AL_C,300,11.73,ABCN,123.1,0.1,141.9,100,47,47,0,0,3025,-19,8824,318,1,2,---,Z12825 TO Z817053
090949_090950,3-3/0_AL_C,300,11.95,ABCN,123,0.1,140.4,100,47,47,0,0,2992,-16,8599,313,1,2,---,Z817053 TO Z12824
090950_09095001,3-#6_CU_C,130,12.03,ABCN,123,0,1.8,-98.5,1,1,0,0,37,-6,260,19,0,0,---,Z12824 TO P111004
090950_09095021,3-#2_AL_C,180,12.03,ABCN,123,0,0.5,-98.5,0,0,11,-2,11,-2,75,1,0,0,---,Z12824 TO P236607
090950_090951,3-3/0_AL_C,300,12.18,ABCN,122.9,0.1,138.1,100,46,46,0,0,2943,-10,8264,293,1,2,---,Z12824 TO Z16445
090951_09095101,3-#6_CU_B,130,12.29,A CN,123,0,0.3,-98.5,0,0,4,-1,4,-1,25,1,0,0,---,Z16445 TO P319096
090951_09095102,3-#6_CU_C,130,12.27,ABCN,122.9,0,0.9,-98.5,1,1,0,0,19,-3,135,9,0,0,---,Z16445 TO P16446
090951_090952,3-3/0_AL_C,300,12.48,ABCN,122.9,0.1,137.1,100,46,46,0,0,2919,-7,8104,283,2,2,---,Z16445 TO Z12823
090952_09095201,3-#6_CU_C,130,12.52,ABCN,122.9,0,0.4,-98.5,0,0,0,0,8,-1,60,6,0,0,---,Z12823 TO P318970
090952_09095206,3-#2_AL_B,180,12.58,AB N,122.9,0,0.3,-98.5,0,0,4,-1,4,-1,25,1,0,0,---,Z12823 TO P112413
090952_090953,3-3/0_AL_C,300,12.84,ABCN,122.8,0.1,136.5,100,46,46,0,0,2905,-8,8019,276,2,3,---,Z12823 TO Z12822
090953_09095301,3-#6_CU_C,130,12.87,ABCN,122.8,0,0.2,-98.5,0,0,0,0,4,-1,25,3,0,0,---,Z12822 TO P618857
090953_090954,3-636_AL_C,770,13.03,ABCN,122.8,0,136.3,100,18,18,0,0,2900,-10,7994,273,0,1,---,Z12822 TO Z18501
090954_09095401,3-#6_CU_C,130,13.12,ABCN,122.8,0,10.6,-98.5,8,8,0,0,222,-38,1573,80,0,0,---,Z18501 TO P114750
090954_09095494,3-#6_CU_B,130,13.1,AB N,122.8,0,0.5,-98.5,0,0,0,0,7,-1,50,4,0,0,---,Z18501 TO P18502
090954_090955,3-636_AL_C,770,13.19,ABCN,122.8,0,125.6,100,16,16,0,0,2670,28,6371,189,0,1,---,Z18501 TO P188058
090955_090956,3-636_AL_C,770,13.33,ABCN,122.7,0,125.6,100,16,16,0,0,2670,27,6371,189,0,1,---,P188058 TO 909-5
0909801_0909802,3-#6_CU_B,130,2.68,A CN,125.7,0,0.2,-98.5,0,0,0,0,2,0,15,1,0,0,---,P217478 TO P217479
0909802_0909803,3-#6_CU_B,130,2.93,A CN,125.7,0,0.2,-98.5,0,0,2,0,2,0,15,1,0,0,---,P217479 TO P217480
0909804_0909805,3-#6_CU_C,130,2.96,ABCN,125.7,0,0.4,-98.5,0,0,0,0,8,-1,55,4,0,0,---,P113394 TO P113395
0909805_0909806,3-#6_CU_C,130,3.27,ABCN,125.7,0,0.4,-98.5,0,0,0,0,8,-1,55,4,0,0,---,P113395 TO P113396
0909806_0909807,3-#6_CU_C,130,3.57,ABCN,125.7,0,0.4,-98.5,0,0,0,0,8,-1,55,4,0,0,---,P113396 TO P113397
0909807_0909808,3-#6_CU_C,130,3.98,ABCN,125.7,0,0.2,-98.5,0,0,4,-1,4,-1,30,1,0,0,---,P113397 TO P219619
0909807_0909809,3-#6_CU_B,130,3.77, BCN,125.7,0,0.3,-98.5,0,0,0,0,4,-1,25,3,0,0,---,P113397 TO P113398
0909809_0909810,3-#6_CU_B,130,4.08, BCN,125.7,0,0.3,-98.5,0,0,0,0,4,-1,25,3,0,0,---,P113398 TO P113399
0909810_0909811,3-#6_CU_B,130,4.22, BCN,125.7,0,0.3,-98.5,0,0,4,-1,4,-1,25,3,0,0,---,P113399 TO P113400
0909812_0909813,3-#6_CU_C,130,2.74,ABCN,125.7,0,0.3,-98.5,0,0,4,-1,7,-1,50,4,0,0,---,P113298 TO P113299
0909813_0909814,3-#6_CU_C,130,2.99,ABCN,125.7,0,0.2,-98.5,0,0,4,-1,4,-1,25,3,0,0,---,P113299 TO P113300
FU 090922_090922A,Device Conductor 30A,30,5.11,ABCN,124.9,0,0.2,-98.5,1,1,0,0,4,-1,25,3,0,0,---,Z12839
FU 09093903_09093903A,Device Conductor 60A,60,10.01,ABCN,123.6,0,2.1,-98.5,3,3,0,0,44,-8,310,11,0,0,---,P18686
FU 090949_090949A,Device Conductor 60A,60,11.74,  CN,123,0,4.5,-98.5,8,8,0,0,32,-6,225,5,0,0,---,Z817053
FU 09095001_09095001A,Device Conductor 30A,30,12.04,ABCN,123,0,1.8,-98.5,6,6,0,0,37,-6,260,19,0,0,---,P111004
FU 09095102_09095102A,Device Conductor 15A,15,12.28,ABCN,122.9,0,0.9,-98.5,6,6,0,0,19,-3,135,9,0,0,---,P16446
SW 090935_103033AN,Device Conductor 600A,600,8.79,ABCN,123.8,0,0,100,0,0,0,0,0,0,0,0,0,0,---,TS 909-T1-1030
SW 090956_090956A,Device Conductor 600A,600,13.34,ABCN,122.7,0,125.6,100,21,21,0,0,2670,26,6371,189,0,0,---,909-5
SW 090956A_103055AN,Device Conductor 600A,600,13.35,ABCN,122.7,0,0,100,0,0,0,0,0,0,0,0,0,0,---,TS 909-T3-1030
09091301_09091302,3-#6_CU_C,130,4.14,ABCN,125.2,0,0.3,-98.5,0,0,6,-1,6,-1,40,3,0,0,---,P311110 TO P311111
09091601_09091602,3-#6_CU_B,130,4.66, BCN,125.1,0,0.2,-98.5,0,0,1,0,3,0,20,3,0,0,---,P318216 TO P318217
09091602_09091603,3-#6_CU_B,130,4.8, BCN,125.1,0,0.1,-98.5,0,0,0,0,1,0,10,1,0,0,---,P318217 TO P318218
09091603_09091604,3-#6_CU_B,130,5.14, BCN,125.1,0,0.1,-98.5,0,0,1,0,1,0,10,1,0,0,---,P318218 TO P318219
09092101_09092102,3-#6_CU_C,130,5.24,ABCN,124.9,0,6.3,-98.5,5,5,7,-1,134,-23,925,49,0,0,---,P118742 TO P238851
09092102_09092103,3-#6_CU_C,130,5.31,ABCN,124.9,0,6,-98.5,5,5,0,0,128,-22,880,49,0,0,---,P238851 TO P16465
090922A_09092201,3-#4_CU_B,180,5.22,AB N,124.9,0,0.3,-98.5,0,0,0,0,4,-1,25,3,0,0,---,Z12839 TO P413487
09092501_09092502,3-#2_AL_B,180,6.21,AB N,124.7,0,0.3,-98.5,0,0,0,0,4,-1,25,1,0,0,---,P617249 TO P617250
09092502_09092503,3-#2_AL_B,180,6.44,AB N,124.7,0,0.3,-98.5,0,0,4,-1,4,-1,25,1,0,0,---,P617250 TO P617251
09093001_09093002,3-#6_CU_C,130,7.31,ABCN,124.3,0,0.2,-98.5,0,0,0,0,4,-1,25,2,0,0,---,P316885 TO P216612
09093002_09093003,3-#6_CU_C,130,7.63,ABCN,124.3,0,0.2,-98.5,0,0,0,0,4,-1,25,2,0,0,---,P216612 TO P216613
09093003_09093004,3-#2_AL_B,180,7.75,AB N,124.3,0,0.3,-98.5,0,0,4,-1,4,-1,25,2,0,0,---,P216613 TO P617232
09093201_09093202,3-#6_CU_C,130,7.75,ABCN,124.2,0,1.8,-98.5,1,1,0,0,39,-7,270,10,0,0,---,P16456 TO P511918
09093202_09093203,3-#6_CU_C,130,7.85,ABCN,124.2,0,1.8,-98.5,1,1,7,-1,39,-7,270,10,0,0,---,P511918 TO P16457
09093203_09093204,3-#6_CU_C,130,8.15,ABCN,124.2,0,1.5,-98.5,1,1,0,0,32,-5,220,7,0,0,---,P16457 TO P16458
09093204_09093205,3-#6_CU_C,130,8.46,ABCN,124.2,0,1.5,-98.5,1,1,0,0,32,-5,220,7,0,0,---,P16458 TO P16459
09093205_09093206,3-#6_CU_C,130,8.71,ABCN,124.2,0,1.5,-98.5,1,1,2,0,32,-5,220,7,0,0,---,P16459 TO P16460
09093206_09093207,3-#6_CU_C,130,8.91,ABCN,124.2,0,1.4,-98.5,1,1,0,0,29,-5,205,6,0,0,---,P16460 TO P16461
09093207_09093208,3-#6_CU_C,130,9.02,ABCN,124.2,0,1.4,-98.5,1,1,0,0,29,-5,205,6,0,0,---,P16461 TO P16462
09093208_09093209,3-#2_AL_C,180,9.31,ABCN,124.2,0,1.2,-98.5,1,1,4,-1,25,-4,175,6,0,0,---,P16462 TO P16463
09093208_09093216,3-#6_CU_C,130,9.48,ABCN,124.2,0,0.2,-98.5,0,0,4,-1,4,-1,30,0,0,0,---,P16462 TO P16692
09093209_09093210,3-#2_AL_C,180,9.55,ABCN,124.2,0,1,-98.5,1,1,0,0,22,-4,150,3,0,0,---,P16463 TO P810437
09093210_09093211,3-#2_AL_C,180,9.75,ABCN,124.2,0,1,-98.5,1,1,11,-2,22,-4,150,3,0,0,---,P810437 TO P108052
09093211_09093212,3-#2_AL_C,180,10.04,ABCN,124.2,0,0.5,-98.5,0,0,0,0,11,-2,75,2,0,0,---,P108052 TO P108053
09093212_09093213,3-#2_AL_C,180,10.34,ABCN,124.2,0,0.5,-98.5,0,0,0,0,11,-2,75,2,0,0,---,P108053 TO P108054
09093213_09093214,3-#2_AL_C,180,10.65,ABCN,124.2,0,0.5,-98.5,0,0,0,0,11,-2,75,2,0,0,---,P108054 TO P108055
09093214_09093215,3-#2_AL_C,180,10.86,ABCN,124.2,0,0.5,-98.5,0,0,11,-2,11,-2,75,2,0,0,---,P108055 TO P108056
09093301_09093302,3-#6_CU_C,130,8.08,ABCN,124.1,0,0.7,-98.5,1,1,11,-2,14,-2,100,2,0,0,---,P316886 TO P312470
09093302_09093303,3-#2_AL_B,180,8.38,AB N,124.1,0,0.3,-98.5,0,0,0,0,4,-1,25,1,0,0,---,P312470 TO P711131
09093303_09093304,3-#2_AL_B,180,8.66,AB N,124.1,0,0.3,-98.5,0,0,4,-1,4,-1,25,1,0,0,---,P711131 TO P711132
09093701_09093702,3-#6_CU_C,130,9.75,ABCN,123.7,0,7.6,-98.6,6,6,0,0,160,-28,1123,36,0,0,---,P16448 TO P16449
09093901_09093902,3-#6_CU_C,130,9.86,ABCN,123.6,0,0.5,-98.5,0,0,11,-2,11,-2,75,1,0,0,---,P110644 TO P19169
09093903A_09093904,3-#6_CU_C,130,10.16,ABCN,123.6,0,2.1,-98.5,2,2,4,-1,44,-8,310,11,0,0,---,P18686 TO P611849
09093904_09093905,3-#6_CU_C,130,10.4,ABCN,123.6,0,1.9,-98.5,1,1,0,0,41,-7,285,9,0,0,---,P611849 TO P413199
09093905_09093906,3-#6_CU_B,130,10.61,A CN,123.6,0,0.3,-98.5,0,0,4,-1,4,-1,25,3,0,0,---,P413199 TO P413200
09093905_09093907,3-#6_CU_C,130,10.62,ABCN,123.6,0,1.8,-98.5,1,1,0,0,37,-6,260,6,0,0,---,P413199 TO P18688
09093907_09093908,3-#6_CU_B,130,10.76, BCN,123.6,0,0.1,-98.5,0,0,0,0,1,0,10,2,0,0,---,P18688 TO P419898
09093907_09093911,3-#6_CU_C,130,10.99,ABCN,123.6,0,1.7,-98.5,1,1,0,0,36,-6,250,4,0,0,---,P18688 TO P18689
09093908_09093909,3-#6_CU_B,130,11.01, BCN,123.6,0,0.1,-98.5,0,0,0,0,1,0,10,2,0,0,---,P419898 TO P419899
09093909_09093910,3-#6_CU_B,130,11.02, BCN,123.6,0,0.1,-98.5,0,0,1,0,1,0,10,2,0,0,---,P419899 TO CG199999
09093911_09093912,3-#6_CU_C,130,11,ABCN,123.6,0,0.3,-98.5,0,0,6,-1,6,-1,45,2,0,0,---,P18689 TO CG199999
09093911_09093913,3-#6_CU_C,130,11.34,ABCN,123.6,0,1.4,-98.5,1,1,4,-1,29,-5,205,2,0,0,---,P18689 TO P18690
09093913_09093914,3-#6_CU_C,130,11.48,ABCN,123.6,0,1.2,-98.5,1,1,4,-1,26,-4,180,1,0,0,---,P18690 TO P244964
09093914_09093915,3-#6_CU_C,130,11.65,ABCN,123.6,0,1,-98.5,1,1,0,0,22,-4,155,1,0,0,---,P244964 TO P18691
09093915_09093916,3-#6_CU_C,130,12.09,ABCN,123.6,0,0.4,-98.5,0,0,4,-1,8,-1,55,1,0,0,---,P18691 TO P18692
09093915_09093921,3-#6_CU_C,130,11.95,ABCN,123.6,0,0.7,-98.5,1,1,0,0,14,-2,100,0,0,0,---,P18691 TO P18693
09093916_09093917,3-#6_CU_C,130,12.42,ABCN,123.6,0,0.2,-98.5,0,0,0,0,4,-1,30,1,0,0,---,P18692 TO P112991
09093917_09093918,3-#6_CU_C,130,12.76,ABCN,123.6,0,0.2,-98.5,0,0,0,0,4,-1,30,1,0,0,---,P112991 TO P112992
09093918_09093919,3-#6_CU_C,130,12.91,ABCN,123.6,0,0.2,-98.5,0,0,2,0,4,-1,30,1,0,0,---,P112992 TO P112993
09093919_09093920,3-#6_CU_C,130,13.17,ABCN,123.6,0,0.1,-98.5,0,0,2,0,2,0,15,0,0,0,---,P112993 TO P216953
09093921_09093922,3-#6_CU_C,130,12.26,ABCN,123.6,0,0.7,-98.5,1,1,0,0,14,-2,100,0,0,0,---,P18693 TO P18694
09093922_09093923,3-#6_CU_C,130,12.55,ABCN,123.6,0,0.7,-98.5,1,1,11,-2,14,-2,100,0,0,0,---,P18694 TO P18695
09093923_09093924,3-#2A5005C,180,12.76,ABCN,123.6,0,0.2,-98.5,0,0,0,0,4,-1,25,0,0,0,---,P18695 TO P519324
09093924_09093925,3-#2A5005C,180,13.05,ABCN,123.6,0,0.2,-98.5,0,0,0,0,4,-1,25,0,0,0,---,P519324 TO P519325
09093925_09093926,3-#2A5005C,180,13.4,ABCN,123.6,0,0.2,-98.5,0,0,0,0,4,-1,25,0,0,0,---,P519325 TO P519326
09093926_09093927,3-#2A5005C,180,13.65, BCN,123.5,0,0.3,-98.5,0,0,0,0,4,-1,25,0,0,0,---,P519326 TO P519327
09093927_09093928,3-#2A5005C,180,13.92, BCN,123.5,0,0.3,-98.5,0,0,4,-1,4,-1,25,0,0,0,---,P519327 TO P519328
09094201_09094202,3-#2_AL_B,180,10.7,AB N,123.4,0,0.3,-98.5,0,0,4,-1,4,-1,25,1,0,0,---,P814882 TO P814883
09094601_09094602,3-#6_CU_C,130,11.34,ABCN,123.2,0,0.5,-98.5,0,0,7,-1,11,-2,75,2,0,0,---,P316887 TO P210712
09094602_09094603,3-#2_AL_B,180,11.44,AB N,123.2,0,0.3,-98.5,0,0,4,-1,4,-1,25,1,0,0,---,P210712 TO P414969
09094801_09094802,3-#2A5005C,180,11.65,AB N,123.1,0,0.3,-98.5,0,0,0,0,4,-1,25,2,0,0,---,P110645 TO P613604
09094802_09094803,3-#2A5005C,180,11.7,AB N,123.1,0,0.3,-98.5,0,0,0,0,4,-1,25,2,0,0,---,P613604 TO P18787
09094803_09094804,3-#2A5005C,180,11.87,AB N,123.1,0,0.3,-98.5,0,0,4,-1,4,-1,25,2,0,0,---,P18787 TO P613605
090949A_09094901,1C#2SAPECN,108,12.02,  CN,123,0,4.5,-98.5,4,4,0,0,32,-6,225,5,0,0,---,Z817053 TO H127289
09095001A_09095002,3-#6_CU_C,130,12.28,ABCN,123,0,1.7,-98.5,1,1,0,0,35,-6,250,17,0,0,---,P111004 TO P111005
09095001A_09095020,3-#6_CU_B,130,12.41, BCN,123,0,0.1,-98.5,0,0,1,0,1,0,10,2,0,0,---,P111004 TO P514017
09095002_09095003,3-#6_CU_C,130,12.56,ABCN,123,0,1.7,-98.5,1,1,2,0,35,-6,250,17,0,0,---,P111005 TO P111006
09095003_09095004,3-#6_CU_C,130,12.79,ABCN,123,0,1.6,-98.5,1,1,0,0,33,-6,235,14,0,0,---,P111006 TO P111283
09095004_09095005,3-#6_CU_C,130,13.05,ABCN,123,0,1.6,-98.5,1,1,0,0,33,-6,235,14,0,0,---,P111283 TO P111284
09095005_09095006,3-#6_CU_C,130,13.31,ABCN,123,0,1.6,-98.5,1,1,0,0,33,-6,235,14,0,0,---,P111284 TO P111285
09095006_09095007,3-#6_CU_C,130,13.44,ABCN,123,0,0.3,-98.5,0,0,4,-1,6,-1,45,4,0,0,---,P111285 TO P418531
09095006_09095009,3-#6_CU_C,130,13.56,ABCN,123,0,0.9,-98.5,1,1,1,0,18,-3,130,8,0,0,---,P111285 TO P217348
09095006_09095018,3-#6_CU_B,130,13.58,A CN,123,0,0.6,-98.5,0,0,7,-1,8,-1,60,2,0,0,---,P111285 TO P117059
09095007_09095008,3-#6_CU_C,130,13.56,ABCN,123,0,0.1,-98.5,0,0,3,0,3,0,20,2,0,0,---,P418531 TO P113954
09095009_09095010,3-#6_CU_C,130,13.85,ABCN,123,0,0.8,-98.5,1,1,7,-1,17,-3,120,7,0,0,---,P217348 TO P217349
09095010_09095011,3-#6_CU_C,130,13.96,ABCN,123,0,0.5,-98.5,0,0,0,0,10,-2,70,6,0,0,---,P217349 TO P611803
09095011_09095012,3-#2A5005C,180,14.22, BCN,123,0,0.1,-98.5,0,0,0,0,1,0,10,2,0,0,---,P611803 TO P611804
09095011_09095014,3-#6_CU_C,130,14.21,ABCN,123,0,0.4,-98.5,0,0,0,0,8,-1,60,4,0,0,---,P611803 TO P217350
09095012_09095013,3-#2A5005C,180,14.45, BCN,123,0,0.1,-98.5,0,0,1,0,1,0,10,2,0,0,---,P611804 TO P611805
09095014_09095015,3-#6_CU_C,130,14.37,ABCN,123,0,0.4,-98.5,0,0,7,-1,8,-1,60,4,0,0,---,P217350 TO P611525
09095015_09095016,3-#6_CU_B,130,14.63,AB N,123,0,0.1,-98.5,0,0,0,0,1,0,10,2,0,0,---,P611525 TO P410152
09095016_09095017,4-4&6CU_E,180,14.92,AB N,123,0,0.1,-98.5,0,0,1,0,1,0,10,2,0,0,---,P410152 TO P410153
09095018_09095019,3-#6_CU_B,130,13.99,A CN,123,0,0.1,-98.5,0,0,1,0,1,0,10,1,0,0,---,P117059 TO P117060
09095102A_09095103,3-#6_CU_C,130,12.61,ABCN,122.9,0,0.9,-98.5,1,1,0,0,19,-3,135,9,0,0,---,P16446 TO P214195
09095103_09095104,3-#6_CU_C,130,12.85,ABCN,122.9,0,0.9,-98.5,1,1,6,-1,19,-3,135,9,0,0,---,P214195 TO P214196
09095104_09095105,3-#6_CU_B,130,12.95,AB N,122.9,0,0.9,-98.5,1,1,0,0,13,-2,90,6,0,0,---,P214196 TO P717362
09095105_09095106,3-#2_AL_B,180,13.26,AB N,122.9,0,0.8,-98.5,0,0,0,0,11,-2,75,4,0,0,---,P717362 TO P717363
09095105_09095112,3-#6_CU_B,130,13.12,AB N,122.9,0,0.2,-98.5,0,0,2,0,2,0,15,2,0,0,---,P717362 TO P214197
09095106_09095107,3-#2_AL_B,180,13.54,AB N,122.9,0,0.8,-98.5,0,0,4,-1,11,-2,75,4,0,0,---,P717363 TO P717364
09095107_09095108,3-#2_AL_B,180,13.7,AB N,122.9,0,0.5,-98.5,0,0,0,0,7,-1,50,3,0,0,---,P717364 TO P717365
09095108_09095109,3-#2_AL_B,180,13.85,AB N,122.9,0,0.5,-98.5,0,0,4,-1,7,-1,50,3,0,0,---,P717365 TO P717366
09095109_09095110,3-#2_AL_B,180,14.09,AB N,122.9,0,0.3,-98.5,0,0,0,0,4,-1,25,1,0,0,---,P717366 TO P719981
09095110_09095111,3-#2_AL_B,180,14.4,AB N,122.9,0,0.3,-98.5,0,0,4,-1,4,-1,25,1,0,0,---,P719981 TO P719982
09095201_09095202,3-#6_CU_C,130,12.59,ABCN,122.9,0,0.4,-98.5,0,0,0,0,8,-1,60,6,0,0,---,P318970 TO P111277
09095202_09095203,3-#6_CU_C,130,12.78,ABCN,122.9,0,0.4,-98.5,0,0,4,-1,8,-1,60,6,0,0,---,P111277 TO P111278
09095203_09095204,3-#6_CU_C,130,13.13,ABCN,122.9,0,0.2,-98.5,0,0,0,0,5,-1,35,4,0,0,---,P111278 TO P116399
09095204_09095205,3-#6_CU_C,130,13.14,ABCN,122.9,0,0.2,-98.5,0,0,5,-1,5,-1,35,4,0,0,---,P116399 TO CG199999
09095301_09095302,3-#6_CU_C,130,12.91,ABCN,122.8,0,0.2,-98.5,0,0,4,-1,4,-1,25,3,0,0,---,P618857 TO P414032
09095401_09095402,3-#6_CU_C,130,13.37,ABCN,122.7,0,10.6,-98.5,8,8,4,-1,222,-38,1573,80,0,0,---,P114750 TO P116636
09095494_09095495,3-#6_CU_B,130,13.34,AB N,122.8,0,0.5,-98.5,0,0,0,0,7,-1,50,4,0,0,---,P18502 TO P18503
09095495_09095496,3-#6_CU_B,130,13.49,AB N,122.8,0,0.5,-98.5,0,0,0,0,7,-1,50,4,0,0,---,P18503 TO P714789
09095496_09095497,3-#6_CU_B,130,13.59,AB N,122.8,0,0.3,-98.5,0,0,0,0,4,-1,25,3,0,0,---,P714789 TO P413724
09095496_09095499,3-#6_CU_B,130,13.63,AB N,122.8,0,0.3,-98.5,0,0,0,0,4,-1,25,1,0,0,---,P714789 TO P714790
09095497_09095498,3-#6_CU_B,130,13.71,AB N,122.8,0,0.3,-98.5,0,0,4,-1,4,-1,25,3,0,0,---,P413724 TO P18504
09095499_09095500,3-#6_CU_B,130,13.83,AB N,122.8,0,0.3,-98.5,0,0,4,-1,4,-1,25,1,0,0,---,P714790 TO P714791
090956A_090957,3-636_AL_C,770,13.45,ABCN,122.7,0,125.6,100,16,16,0,0,2670,26,6371,189,0,1,---,909-5 TO 909-405G
FU 09092103_09092103A,Device Conductor 75A,75,5.32,ABCN,124.9,0,6,-98.5,8,8,0,0,128,-22,880,49,0,0,---,P16465
FU 09093702_09093702A,Device Conductor 60A,60,9.76,ABCN,123.7,0,7.6,-98.5,13,13,0,0,160,-28,1123,36,0,0,---,P16449
FU 09095402_09095402A,Device Conductor 125A,125,13.38,ABCN,122.7,0,10.4,-98.5,8,8,0,0,218,-38,1548,76,0,0,---,P116636
RG 090957_090957AN,Device Conductor 200A,200,13.46,ABCN,125,0,123.3,100,62,62,0,0,2670,26,6371,189,0,0,---,909-405G
09092103A_09092104,3-#6_CU_C,130,5.64,ABCN,124.9,0,6,-98.5,5,5,0,0,128,-22,880,49,0,0,---,P16465 TO P16466
09092104_09092105,3-#6_CU_C,130,5.71,ABCN,124.9,0,0.2,-98.5,0,0,0,0,5,-1,35,3,0,0,---,P16466 TO P16467
09092104_09092107,3-#6_CU_C,130,5.81,ABCN,124.9,0,5.7,-98.5,4,4,0,0,123,-21,845,46,0,0,---,P16466 TO P118743
09092105_09092106,3-#6_CU_C,130,6.05,ABCN,124.9,0,0.2,-98.5,0,0,5,-1,5,-1,35,3,0,0,---,P16467 TO P16468
09092107_09092108,3-#6_CU_C,130,6.17,ABCN,124.9,0,5.7,-98.5,4,4,0,0,123,-21,845,46,0,0,---,P118743 TO P16469
09092108_09092109,3-#6_CU_C,130,6.28,ABCN,124.9,0,0.6,-98.5,0,0,0,0,13,-2,90,4,0,0,---,P16469 TO P114904
09092108_09092114,3-#6_CU_C,130,6.47,ABCN,124.9,0,5.1,-98.5,4,4,0,0,109,-19,755,42,0,0,---,P16469 TO P110460
09092109_09092110,3-#6_CU_C,130,6.48,ABCN,124.9,0,0.6,-98.5,0,0,0,0,13,-2,90,4,0,0,---,P114904 TO P114905
09092110_09092111,3-#6_CU_C,130,6.73,ABCN,124.9,0,0.6,-98.5,0,0,8,-1,13,-2,90,4,0,0,---,P114905 TO P114906
09092111_09092112,3-#6_CU_C,130,7.1,ABCN,124.9,0,0.2,-98.5,0,0,0,0,5,-1,35,2,0,0,---,P114906 TO P114907
09092112_09092113,3-#6_CU_C,130,7.4,ABCN,124.9,0,0.2,-98.5,0,0,5,-1,5,-1,35,2,0,0,---,P114907 TO P114908
09092114_09092115,3-#6_CU_C,130,6.75,ABCN,124.9,0,5.1,-98.5,4,4,0,0,109,-19,755,42,0,0,---,P110460 TO P110461
09092115_09092116,3-#6_CU_C,130,7.05,ABCN,124.8,0,5.1,-98.5,4,4,0,0,109,-19,755,42,0,0,---,P110461 TO P110462
09092116_09092117,3-#6_CU_C,130,7.28,ABCN,124.8,0,5.1,-98.5,4,4,7,-1,109,-19,755,42,0,0,---,P110462 TO P110463
09092117_09092118,3-#6_CU_C,130,7.59,ABCN,124.8,0,4.8,-98.5,4,4,0,0,103,-18,710,40,0,0,---,P110463 TO P110464
09092118_09092119,3-#6_CU_C,130,7.85,ABCN,124.8,0,3,-98.5,2,2,0,0,63,-11,435,24,0,0,---,P110464 TO P110465
09092118_09092145,3-#6_CU_B,130,7.96,AB N,124.8,0,2.5,-98.5,2,2,0,0,36,-6,250,14,0,0,---,P110464 TO P203125
09092118_09092161,3-#2_AL_B,180,7.72, BCN,124.8,0,0.3,-98.5,0,0,4,-1,4,-1,25,2,0,0,---,P110464 TO P813699
09092119_09092120,3-#6_CU_C,130,8.14,ABCN,124.8,0,0.7,-98.5,1,1,0,0,14,-3,100,4,0,0,---,P110465 TO P213043
09092119_09092123,3-#6_CU_C,130,8.05,ABCN,124.8,0,2.3,-98.5,2,2,1,0,49,-8,335,20,0,0,---,P110465 TO P110466
09092123_09092124,3-#6_CU_C,130,8.21,ABCN,124.8,0,2.2,-98.5,2,2,0,0,47,-8,326,18,0,0,---,P110466 TO P114559
09092124_09092125,3-#6_CU_C,130,8.28,ABCN,124.8,0,0.3,-98.5,0,0,7,-1,7,-1,45,1,0,0,---,P114559 TO P615083
09092124_09092126,3-#6_CU_C,130,8.42,ABCN,124.8,0,1.9,-98.5,1,1,0,0,41,-7,280,17,0,0,---,P114559 TO P110467
09092126_09092127,3-#6_CU_C,130,8.8,ABCN,124.8,0,1.9,-98.5,1,1,0,0,41,-7,280,17,0,0,---,P110467 TO P110468
09092127_09092128,3-#6_CU_C,130,9.01,ABCN,124.8,0,1.9,-98.5,1,1,7,-1,41,-7,280,17,0,0,---,P110468 TO P110469
09092128_09092129,3-#6_CU_C,130,9.21,ABCN,124.8,0,1.6,-98.5,1,1,0,0,34,-6,235,14,0,0,---,P110469 TO P114560
09092129_09092130,3-#6_CU_C,130,9.33,ABCN,124.8,0,1.6,-98.5,1,1,4,-1,34,-6,235,14,0,0,---,P114560 TO P110470
09092130_09092131,3-#6_CU_C,130,9.43,ABCN,124.8,0,1.4,-98.5,1,1,0,0,30,-5,210,13,0,0,---,P110470 TO P110471
09092131_09092132,3-#6_CU_C,130,9.71,ABCN,124.8,0,1.4,-98.5,1,1,0,0,30,-5,210,13,0,0,---,P110471 TO P110472
09092132_09092133,3-#6_CU_C,130,10,ABCN,124.8,0,1.4,-98.5,1,1,0,0,30,-5,210,13,0,0,---,P110472 TO P110473
09092133_09092134,3-#2A5005C,180,10.1,ABCN,124.8,0,0.1,-98.5,0,0,3,-1,3,-1,20,2,0,0,---,P110473 TO P611042
09092133_09092135,3-#6_CU_C,130,10.38,ABCN,124.8,0,1.3,-98.5,1,1,0,0,28,-5,190,11,0,0,---,P110473 TO P110474
09092135_09092136,3-#6_CU_C,130,10.64,ABCN,124.8,0,0.4,-98.5,0,0,2,0,9,-2,60,5,0,0,---,P110474 TO P110475
09092135_09092138,3-#6_CU_C,130,10.68,ABCN,124.8,0,0.6,-98.5,0,0,0,0,14,-2,95,5,0,0,---,P110474 TO P110477
09092135_09092142,3-#6_CU_C,130,10.49,ABCN,124.8,0,0.2,-98.5,0,0,1,0,5,-1,35,1,0,0,---,P110474 TO P815910
09092136_09092137,3-#6_CU_C,130,10.92,ABCN,124.8,0,0.3,-98.5,0,0,7,-1,7,-1,45,3,0,0,---,P110475 TO P110476
09092138_09092139,3-#6_CU_C,130,10.92,ABCN,124.8,0,0.5,-98.5,0,0,7,-1,10,-2,70,3,0,0,---,P110477 TO P510811
09092138_09092141,3-#6_CU_C,130,10.95,ABCN,124.8,0,0.2,-98.5,0,0,4,-1,4,-1,25,2,0,0,---,P110477 TO P110478
09092139_09092140,3-#2_AL_B,180,11.2,A CN,124.8,0,0.3,-98.5,0,0,4,-1,4,-1,25,1,0,0,---,P510811 TO P201118
09092142_09092143,3-#6_CU_C,130,10.75,ABCN,124.8,0,0.2,-98.5,0,0,0,0,4,-1,25,1,0,0,---,P815910 TO P110480
09092143_09092144,3-#6_CU_C,130,11.06,ABCN,124.8,0,0.2,-98.5,0,0,4,-1,4,-1,25,1,0,0,---,P110480 TO P110481
09092145_09092146,3-#6_CU_B,130,8.25,AB N,124.8,0,1.4,-98.5,1,1,0,0,20,-4,140,8,0,0,---,P203125 TO P219652
09092145_09092154,3-#6_CU_B,130,8.08,AB N,124.8,0,1.1,-98.5,1,1,0,0,16,-3,110,6,0,0,---,P203125 TO P217361
09092146_09092147,3-#6_CU_B,130,8.5,AB N,124.8,0,1.4,-98.5,1,1,7,-1,20,-4,140,8,0,0,---,P219652 TO P219653
09092147_09092148,3-#6_CU_B,130,8.76,AB N,124.8,0,0.9,-98.5,1,1,0,0,13,-2,90,4,0,0,---,P219653 TO P219654
09092148_09092149,3-#2_AL_B,180,8.87,AB N,124.8,0,0.7,-98.5,0,0,7,-1,9,-2,65,2,0,0,---,P219654 TO P716374
09092148_09092153,3-#6_CU_B,130,9.09,AB N,124.8,0,0.3,-98.5,0,0,4,-1,4,-1,25,2,0,0,---,P219654 TO P219655
09092149_09092150,3-#2_AL_B,180,9.06,AB N,124.8,0,0.2,-98.5,0,0,0,0,2,0,15,1,0,0,---,P716374 TO P815431
09092150_09092151,3-#2_AL_B,180,9.16,AB N,124.8,0,0.2,-98.5,0,0,0,0,2,0,15,1,0,0,---,P815431 TO P815432
09092151_09092152,3-#2_AL_B,180,9.49,AB N,124.8,0,0.2,-98.5,0,0,2,0,2,0,15,1,0,0,---,P815432 TO P815433
09092154_09092155,3-#6_CU_B,130,8.19,AB N,124.8,0,1.1,-98.5,1,1,4,-1,16,-3,110,6,0,0,---,P217361 TO P114228
09092155_09092156,3-#6_CU_B,130,8.44,AB N,124.8,0,0.9,-98.5,1,1,4,-1,12,-2,85,4,0,0,---,P114228 TO P114229
09092156_09092157,3-#6_CU_B,130,8.67,AB N,124.8,0,0.6,-98.5,0,0,0,0,9,-1,60,1,0,0,---,P114229 TO P114230
09092157_09092160,3-#6_CU_B,130,8.88,AB N,124.8,0,0.1,-98.5,0,0,1,0,1,0,10,0,0,0,---,P114230 TO P114231
09092201_09092202,3-#4_CU_B,180,5.46,AB N,124.9,0,0.3,-98.5,0,0,0,0,4,-1,25,3,0,0,---,P413487 TO P413488
09092202_09092203,3-#4_CU_B,180,5.7,AB N,124.9,0,0.3,-98.5,0,0,0,0,4,-1,25,3,0,0,---,P413488 TO P413489
09092203_09092204,3-#4_CU_B,180,5.94,AB N,124.9,0,0.3,-98.5,0,0,0,0,4,-1,25,3,0,0,---,P413489 TO P413490
09092204_09092205,3-#4_CU_B,180,6.11,AB N,124.9,0,0.3,-98.5,0,0,0,0,4,-1,25,3,0,0,---,P413490 TO P413491
09092205_09092206,3-#4_CU_B,180,6.22,AB N,124.9,0,0.3,-98.5,0,0,0,0,4,-1,25,3,0,0,---,P413491 TO P413493
09092206_09092207,3-#4_CU_B,180,6.41,AB N,124.9,0,0.3,-98.5,0,0,4,-1,4,-1,25,3,0,0,---,P413493 TO P413494
09093702A_09093703,3-#6_CU_C,130,10.1,ABCN,123.7,0,7.6,-98.5,6,6,6,-1,160,-28,1123,36,0,0,---,P16449 TO P16450
09093703_09093704,3-#6_CU_C,130,10.47,ABCN,123.6,0,7.3,-98.5,6,6,0,0,154,-26,1078,35,0,0,---,P16450 TO P16451
09093704_09093705,3-#6_CU_C,130,10.83,ABCN,123.6,0,7.3,-98.5,6,6,0,0,154,-26,1078,35,0,0,---,P16451 TO P16452
09093705_09093706,3-#6_CU_C,130,11.11,ABCN,123.6,0,7.3,-98.5,6,6,3,0,154,-27,1078,35,0,0,---,P16452 TO P16453
09093706_09093707,3-#6_CU_C,130,11.26,ABCN,123.6,0,7.1,-98.5,5,5,0,0,151,-26,1058,34,0,0,---,P16453 TO P113691
09093707_09093708,3-#6_CU_C,130,11.53,ABCN,123.6,0,7.1,-98.5,5,5,0,0,151,-26,1058,34,0,0,---,P113691 TO P113692
09093708_09093709,3-#6_CU_C,130,11.78,ABCN,123.6,0,7.1,-98.5,5,5,0,0,151,-26,1058,34,0,0,---,P113692 TO P113693
09093709_09093710,3-#6_CU_B,130,12.11,A CN,123.6,0,0.3,-98.5,0,0,0,0,4,-1,25,1,0,0,---,P113693 TO P113694
09093709_09093715,3-#6_CU_C,130,12.06,ABCN,123.6,0,0.4,-98.5,0,0,0,0,9,-1,60,5,0,0,---,P113693 TO P214834
09093709_09093719,3-#6_CU_C,130,12.14,ABCN,123.6,0,6.6,-98.5,5,5,0,0,139,-24,973,28,0,0,---,P113693 TO P119902
09093710_09093711,3-#6_CU_B,130,12.29,A CN,123.6,0,0.1,-98.5,0,0,0,0,1,0,10,0,0,0,---,P113694 TO P216569
09093710_09093713,3-#2_AL_B,180,12.4,A CN,123.6,0,0.2,-98.5,0,0,0,0,2,0,15,1,0,0,---,P113694 TO P815798
09093711_09093712,3-#6_CU_B,130,12.47,A CN,123.6,0,0.1,-98.5,0,0,1,0,1,0,10,0,0,0,---,P216569 TO P113695
09093713_09093714,3-#2_AL_B,180,12.7,A CN,123.6,0,0.2,-98.5,0,0,2,0,2,0,15,1,0,0,---,P815798 TO P815799
09093715_09093716,3-#6_CU_C,130,12.42,ABCN,123.6,0,0.4,-98.5,0,0,5,-1,9,-1,60,5,0,0,---,P214834 TO P214835
09093716_09093717,3-#2A5005C,180,12.72, BCN,123.6,0,0.3,-98.5,0,0,4,-1,4,-1,25,1,0,0,---,P214835 TO P610702
09093717_09093718,3-#2A5005C,180,12.95, BCN,123.6,0,0,100,0,0,0,0,0,0,0,0,0,0,---,P610702 TO P610703
09093719_09093720,3-#6_CU_C,130,12.53,ABCN,123.5,0,6.6,-98.5,5,5,0,0,139,-24,973,28,0,0,---,P119902 TO P119903
09093720_09093721,3-#6_CU_C,130,12.68,ABCN,123.5,0,0.5,-98.5,0,0,11,-2,11,-2,75,1,0,0,---,P119903 TO P710641
09093720_09093722,3-#2_AL_C,180,12.65,ABCN,123.5,0,0.5,-98.5,0,0,0,0,11,-2,75,3,0,0,---,P119903 TO P617174
09093720_09093725,3-#6_CU_C,130,12.62,ABCN,123.5,0,5.6,-98.5,4,4,0,0,117,-20,823,24,0,0,---,P119903 TO P119904
09093722_09093723,3-#2_AL_C,180,12.88,ABCN,123.5,0,0.5,-98.5,0,0,0,0,11,-2,75,3,0,0,---,P617174 TO P711688
09093723_09093724,3-#2_AL_C,180,13.16,ABCN,123.5,0,0.5,-98.5,0,0,11,-2,11,-2,75,3,0,0,---,P711688 TO P618159
09093725_09093726,3-#4_CU_B,180,12.71,AB N,123.5,0,1.1,-98.5,1,1,0,0,15,-3,105,3,0,0,---,P119904 TO P412250
09093725_09093732,3-#6_CU_C,130,12.86,ABCN,123.5,0,4.6,-98.5,4,4,1,0,97,-17,683,17,0,0,---,P119904 TO P119905
09093725_09093760,3-#2A5005C,180,12.76, BCN,123.5,0,0.4,-98.5,0,0,1,0,5,-1,35,4,0,0,---,P119904 TO P615168
09093726_09093727,3-#4_CU_B,180,13.06,AB N,123.5,0,1.1,-98.5,1,1,2,0,15,-3,105,3,0,0,---,P412250 TO P412251
09093727_09093728,3-#2_AL_B,180,13.46,AB N,123.5,0,0.9,-98.5,1,1,7,-1,13,-2,90,3,0,0,---,P412251 TO P715008
09093728_09093729,3-#2_AL_B,180,13.81,AB N,123.5,0,0.4,-98.5,0,0,2,0,6,-1,40,2,0,0,---,P715008 TO P32884
09093729_09093730,3-#2_AL_B,180,14.01,AB N,123.5,0,0.3,-98.5,0,0,0,0,4,-1,25,1,0,0,---,P32884 TO P166155
09093732_09093733,3-#6_CU_C,130,13.05,ABCN,123.5,0,4.5,-98.5,3,3,0,0,96,-17,673,16,0,0,---,P119905 TO P119906
09093733_09093734,3-#6_CU_C,130,13.58,ABCN,123.5,0,4,-98.5,3,3,0,0,84,-14,588,12,0,0,---,P119906 TO P119907
09093733_09093755,3-#2_AL_C,180,13.16,ABCN,123.5,0,0.6,-98.5,0,0,0,0,12,-2,85,4,0,0,---,P119906 TO P714042
09093734_09093735,3-#6_CU_C,130,13.83,ABCN,123.5,0,4,-98.5,3,3,7,-1,84,-14,588,12,0,0,---,P119907 TO P219946
09093735_09093736,3-#6_CU_C,130,14,ABCN,123.5,0,3.6,-98.5,3,3,0,0,77,-13,538,10,0,0,---,P219946 TO P119908
09093736_09093737,3-#6_CU_C,130,14.31,ABCN,123.5,0,0.3,-98.5,0,0,3,0,6,-1,45,1,0,0,---,P119908 TO P119909
09093736_09093739,3-#2_AL_C,180,14.29,ABCN,123.5,0,3.1,-98.5,2,2,4,-1,66,-11,463,8,0,0,---,P119908 TO P616726
09093736_09093753,3-#6_CU_C,130,14.23,ABCN,123.5,0,0.2,-98.5,0,0,0,0,4,-1,30,1,0,0,---,P119908 TO P214614
09093737_09093738,3-#6_CU_B,130,14.59,A CN,123.5,0,0.3,-98.5,0,0,4,-1,4,-1,25,0,0,0,---,P119909 TO P11996
09093739_09093740,3-#2_AL_C,180,14.57,ABCN,123.5,0,3,-98.5,2,2,4,-1,62,-11,438,5,0,0,---,P616726 TO P617176
09093740_09093741,3-#2_AL_C,180,14.87,ABCN,123.5,0,2.8,-98.5,2,2,0,0,59,-10,413,3,0,0,---,P617176 TO P617177
09093741_09093742,3-#2_AL_C,180,15.16,ABCN,123.5,0,2.8,-98.5,2,2,0,0,59,-10,413,3,0,0,---,P617177 TO P617178
09093742_09093743,3-#2_AL_C,180,15.44,ABCN,123.5,0,0.5,-98.5,0,0,0,0,11,-2,75,2,0,0,---,P617178 TO P617179
09093742_09093749,3-#2_AL_C,180,15.26,ABCN,123.5,0,2.3,-98.5,1,1,0,0,48,-8,338,1,0,0,---,P617178 TO P617944
09093743_09093744,3-#2_AL_C,180,15.73,ABCN,123.5,0,0.5,-98.5,0,0,0,0,11,-2,75,2,0,0,---,P617179 TO P213044
09093744_09093745,3-#6_CU_C,130,16.04,ABCN,123.5,0,0.5,-98.5,0,0,0,0,11,-2,75,2,0,0,---,P213044 TO P213045
09093745_09093746,3-#2_AL_C,180,16.3,ABCN,123.5,0,0.5,-98.5,0,0,0,0,11,-2,75,2,0,0,---,P213045 TO P617180
09093746_09093747,3-#2_AL_C,180,16.54,ABCN,123.5,0,0.5,-98.5,0,0,11,-2,11,-2,75,2,0,0,---,P617180 TO P617181
09093747_09093748,3-#2_AL_C,180,16.74,ABCN,123.5,0,0,100,0,0,0,0,0,0,0,0,0,0,---,P617181 TO P617182
09093749_09093750,3-#2_AL_C,180,15.65,ABCN,123.5,0,2.3,-98.5,1,1,16,-3,48,-8,338,1,0,0,---,P617944 TO P617945
09093750_09093751,3-#2_AL_C,180,16.06,ABCN,123.5,0,1.5,-98.5,1,1,0,0,32,-6,225,1,0,0,---,P617945 TO P617946
09093751_09093752,3-#2_AL_C,180,16.23,ABCN,123.5,0,1.5,-98.5,1,1,32,-6,32,-6,225,1,0,0,---,P617946 TO P617947
09093753_09093754,3-#6_CU_C,130,14.45,ABCN,123.5,0,0.2,-98.5,0,0,4,-1,4,-1,30,1,0,0,---,P214614 TO P214615
09093755_09093756,3-#2_AL_C,180,13.37,ABCN,123.5,0,0.6,-98.5,0,0,6,-1,12,-2,85,4,0,0,---,P714042 TO P131175
09093756_09093757,3-#2_AL_B,180,13.57,A CN,123.5,0,0.4,-98.5,0,0,0,0,6,-1,40,3,0,0,---,P131175 TO P714043
09093757_09093758,3-#2_AL_B,180,13.87,A CN,123.5,0,0.4,-98.5,0,0,2,0,6,-1,40,3,0,0,---,P714043 TO P714044
09093758_09093759,3-#2_AL_B,180,14.03,A CN,123.5,0,0.3,-98.5,0,0,4,-1,4,-1,25,2,0,0,---,P714044 TO P32204
09093760_09093761,3-#2A5005C,180,13.01, BCN,123.5,0,0.3,-98.5,0,0,0,0,4,-1,25,3,0,0,---,P615168 TO P615169
09093761_09093762,3-#2A5005C,180,13.09, BCN,123.5,0,0.2,-98.5,0,0,2,0,2,0,15,2,0,0,---,P615169 TO P615170
09093761_09093763,3-#2_AL_B,180,13.17, BCN,123.5,0,0.1,-98.5,0,0,1,0,1,0,10,1,0,0,---,P615169 TO P137517
09094901_09094902,1C#2SAPECN,108,12.08,  CN,123,0,0.5,-98.5,0,0,4,-1,4,-1,25,0,0,0,---,H127289 TO D207328
09094901_09094903,1C#2SAPECN,108,12.27,  CN,123,0,4,-98.5,4,4,0,0,28,-5,200,5,0,0,---,H127289 TO H124923
09094903_09094904,1C#2SAPECN,108,12.69,  CN,123,0,3.5,-98.5,3,3,0,0,25,-4,175,3,0,0,---,H124923 TO H124924
09094903_09094909,1C#2SAPECN,108,12.65,  CN,123,0,0.5,-98.5,0,0,4,-1,4,-1,25,2,0,0,---,H124923 TO D197552
09094904_09094905,1C#2SAPECN,108,12.91,  CN,123,0,2.5,-98.5,2,2,7,-1,18,-3,125,1,0,0,---,H124924 TO D207349
09094904_09094908,1C#2SAPECN,108,13.09,  CN,123,0,1,-98.5,1,1,7,-1,7,-1,50,2,0,0,---,H124924 TO D197551
09094905_09094906,1C#2SAPECN,108,13.15,  CN,123,0,1.5,-98.5,1,1,7,-1,11,-2,75,1,0,0,---,D207349 TO D207350
09094906_09094907,1C#2SAPECN,108,13.55,  CN,123,0,0.5,-98.5,0,0,4,-1,4,-1,25,1,0,0,---,D207350 TO D207351
09095402A_09095403,3-#6_CU_C,130,13.67,ABCN,122.7,0,10.4,-98.5,8,8,0,0,218,-38,1548,76,0,0,---,P116636 TO P117523
09095403_09095404,3-#6_CU_C,130,13.86,ABCN,122.7,0,10.4,-98.5,8,8,0,0,218,-38,1548,76,0,0,---,P117523 TO P513409
09095404_09095405,3-#6_CU_C,130,13.87,ABCN,122.7,0,0.5,-98.5,0,0,11,-2,11,-2,75,6,0,0,---,P513409 TO CG199999
09095404_09095406,3-#6_CU_C,130,14.12,ABCN,122.7,0,9.9,-98.5,8,8,0,0,208,-36,1473,70,0,0,---,P513409 TO P210718
09095406_09095407,3-#2_AL_B,180,14.19,A CN,122.7,0,0.5,-98.5,0,0,0,0,7,-1,50,4,0,0,---,P210718 TO P136568
09095406_09095410,3-#6_CU_C,130,14.38,ABCN,122.7,0,9.6,-98.5,7,7,0,0,200,-35,1423,66,0,0,---,P210718 TO P210719
09095407_09095408,3-#2_AL_B,180,14.45,A CN,122.7,0,0.5,-98.5,0,0,4,-1,7,-1,50,4,0,0,---,P136568 TO P136569
09095408_09095409,3-#2_AL_B,180,14.86,A CN,122.7,0,0.3,-98.5,0,0,4,-1,4,-1,25,2,0,0,---,P136569 TO P136570
09095410_09095411,3-#2A5005C,180,14.44,ABCN,122.7,0,1.2,-98.5,1,1,1,0,26,-5,185,4,0,0,---,P210719 TO P615115
09095410_09095414,3-#6_CU_C,130,14.63,ABCN,122.7,0,8.3,-98.5,6,6,0,0,174,-30,1238,62,0,0,---,P210719 TO P210720
09095411_09095412,3-#2A5005C,180,14.74,ABCN,122.7,0,1.2,-98.5,1,1,21,-4,25,-4,175,2,0,0,---,P615115 TO P615116
09095412_09095413,3-#2_AL_B,180,14.82,A CN,122.7,0,0.3,-98.5,0,0,4,-1,4,-1,25,1,0,0,---,P615116 TO P233616
09095414_09095416,3-#6_CU_C,130,14.85,ABCN,122.7,0,8,-98.5,6,6,4,-1,167,-29,1188,60,0,0,---,P210720 TO P512434
09095416_09095417,3-#6_CU_C,130,15.06,ABCN,122.6,0,7.8,-98.5,6,6,0,0,164,-28,1164,55,0,0,---,P512434 TO P210721
09095417_09095418,3-#2_AL_B,180,15.31, BCN,122.6,0,0.3,-98.5,0,0,0,0,4,-1,25,3,0,0,---,P210721 TO P811205
09095417_09095420,3-#6_CU_C,130,15.32,ABCN,122.6,0,7.7,-98.5,6,6,4,-1,160,-28,1139,52,0,0,---,P210721 TO P210722
09095418_09095419,3-#2_AL_B,180,15.54, BCN,122.6,0,0.3,-98.5,0,0,4,-1,4,-1,25,3,0,0,---,P811205 TO P811206
09095420_09095421,3-#6_CU_C,130,15.73,ABCN,122.6,0,7.5,-98.5,6,6,0,0,157,-27,1114,50,0,0,---,P210722 TO P210723
09095421_09095422,3-#2_AL_B,180,15.9,AB N,122.6,0,0.4,-98.5,0,0,1,0,5,-1,35,2,0,0,---,P210723 TO P817249
09095421_09095425,3-#6_CU_C,130,16.04,ABCN,122.6,0,3.5,-98.5,3,3,4,-1,73,-13,519,26,0,0,---,P210723 TO P212765
09095421_09095456,3-#6_CU_C,130,15.98,ABCN,122.6,0,3.8,-98.5,3,3,0,0,79,-14,559,22,0,0,---,P210723 TO P210724
09095422_09095423,3-#2_AL_B,180,16.17,AB N,122.6,0,0.3,-98.5,0,0,0,0,4,-1,25,1,0,0,---,P817249 TO P103314
09095423_09095424,3-#2_AL_B,180,16.18,AB N,122.6,0,0.3,-98.5,0,0,4,-1,4,-1,25,1,0,0,---,P103314 TO CG199999
09095425_09095426,3-#6_CU_C,130,16.29,ABCN,122.6,0,3.3,-98.5,3,3,1,0,70,-12,495,23,0,0,---,P212765 TO P136198
09095426_09095427,3-#6_CU_C,130,16.44,ABCN,122.6,0,3.3,-98.5,3,3,11,-2,68,-12,485,22,0,0,---,P136198 TO P212766
09095427_09095428,3-#6_CU_C,130,16.56,ABCN,122.6,0,2.8,-98.5,2,2,0,0,58,-10,410,22,0,0,---,P212766 TO P164429
09095428_09095429,3-#6_CU_C,130,16.74,ABCN,122.6,0,2.4,-98.5,2,2,4,-1,51,-9,360,18,0,0,---,P164429 TO P212767
09095429_09095430,3-#6_CU_C,130,16.9,ABCN,122.6,0,2.3,-98.5,2,2,0,0,47,-8,335,17,0,0,---,P212767 TO P212768
09095430_09095431,3-#6_CU_B,130,16.98,AB N,122.6,0,0.1,-98.5,0,0,0,0,1,0,10,0,0,0,---,P212768 TO P212769
09095430_09095433,3-#2A5005C,180,17.28,ABCN,122.6,0,1.2,-98.5,1,1,0,0,26,-5,185,8,0,0,---,P212768 TO P615789
09095430_09095445,3-#6_CU_B,130,16.98,A CN,122.6,0,1.4,-98.5,1,1,4,-1,20,-3,140,9,0,0,---,P212768 TO P212770
09095431_09095432,3-#6_CU_B,130,17.06,AB N,122.6,0,0.1,-98.5,0,0,1,0,1,0,10,0,0,0,---,P212769 TO P200146
09095433_09095434,3-#2A5005C,180,17.42,ABCN,122.6,0,1.2,-98.5,1,1,0,0,26,-5,185,8,0,0,---,P615789 TO P618450
09095434_09095435,3-#2_AL_B,180,17.52, BCN,122.6,0,0.5,-98.5,0,0,4,-1,7,-1,50,3,0,0,---,P618450 TO P618451
09095434_09095438,3-#2A5005C,180,17.59,ABCN,122.6,0,0.9,-98.5,1,1,0,0,19,-3,135,5,0,0,---,P618450 TO P615790
09095435_09095436,3-#2_AL_B,180,17.75, BCN,122.6,0,0.3,-98.5,0,0,0,0,4,-1,25,2,0,0,---,P618451 TO P618452
09095436_09095437,3-#2_AL_B,180,18.06, BCN,122.6,0,0.3,-98.5,0,0,4,-1,4,-1,25,2,0,0,---,P618452 TO P618453
09095438_09095439,3-#2_AL_C,180,17.87,ABCN,122.6,0,0.5,-98.5,0,0,6,-1,10,-2,70,2,0,0,---,P615790 TO P617141
09095438_09095441,3-#2_AL_B,180,17.78,AB N,122.6,0,0.4,-98.5,0,0,4,-1,5,-1,35,2,0,0,---,P615790 TO P718461
09095438_09095444,3-#2_AL_C,180,17.67,ABCN,122.6,0,0.2,-98.5,0,0,4,-1,4,-1,30,1,0,0,---,P615790 TO P615791
09095439_09095440,3-#2_AL_B,180,17.97,A CN,122.6,0,0.3,-98.5,0,0,4,-1,4,-1,25,1,0,0,---,P617141 TO P170104
09095441_09095442,3-#2_AL_B,180,18.08,AB N,122.6,0,0.1,-98.5,0,0,0,0,1,0,10,1,0,0,---,P718461 TO P137999
09095442_09095443,3-#2_AL_B,180,18.32,AB N,122.6,0,0.1,-98.5,0,0,1,0,1,0,10,1,0,0,---,P137999 TO P138000
09095445_09095446,3-#6_CU_B,130,17.37,A CN,122.6,0,1.2,-98.5,1,1,4,-1,16,-3,115,8,0,0,---,P212770 TO P212771
09095446_09095447,3-#6_CU_B,130,17.75,A CN,122.6,0,0.9,-98.5,1,1,4,-1,13,-2,90,7,0,0,---,P212771 TO P212772
09095447_09095448,3-#6_CU_B,130,18.07,A CN,122.6,0,0.7,-98.5,1,1,2,0,9,-2,65,3,0,0,---,P212772 TO P212773
09095448_09095449,3-#6_CU_B,130,18.17,A CN,122.6,0,0.5,-98.5,0,0,0,0,7,-1,50,2,0,0,---,P212773 TO P612380
09095449_09095450,3-#2A5005C,180,18.42,A CN,122.6,0,0.3,-98.5,0,0,4,-1,4,-1,25,1,0,0,---,P612380 TO P612381
09095449_09095451,3-#2A5005C,180,18.47,A CN,122.6,0,0.3,-98.5,0,0,0,0,4,-1,25,1,0,0,---,P612380 TO P613318
09095451_09095452,3-#2A5005C,180,18.73,A CN,122.6,0,0.3,-98.5,0,0,0,0,4,-1,25,1,0,0,---,P613318 TO P613319
09095452_09095453,3-#2A5005C,180,18.92,A CN,122.6,0,0.3,-98.5,0,0,4,-1,4,-1,25,1,0,0,---,P613319 TO P613320
09095456_09095457,3-#6_CU_C,130,16.23,ABCN,122.6,0,3.8,-98.5,3,3,0,0,79,-14,559,22,0,0,---,P210724 TO P210725
09095457_09095458,3-#6_CU_C,130,16.24,ABCN,122.6,0,0.1,-98.5,0,0,2,0,2,0,15,1,0,0,---,P210725 TO CG199999
09095457_09095459,3-#6_CU_C,130,16.38,ABCN,122.6,0,3.7,-98.5,3,3,0,0,77,-13,544,21,0,0,---,P210725 TO P216390
09095459_09095460,3-#6_CU_C,130,16.58,ABCN,122.6,0,3.7,-98.5,3,3,0,0,77,-13,544,21,0,0,---,P216390 TO P216391
09095460_09095461,3-#6_CU_C,130,16.62,ABCN,122.6,0,3.7,-98.5,3,3,0,0,77,-13,544,21,0,0,---,P216391 TO P618271
09095461_09095462,3-#6_CU_B,130,16.87,AB N,122.6,0,0.3,-98.5,0,0,0,0,4,-1,25,2,0,0,---,P618271 TO P216392
09095461_09095464,3-#2_AL_C,180,16.93,ABCN,122.6,0,3.5,-98.5,2,2,0,0,73,-13,519,19,0,0,---,P618271 TO P618272
09095462_09095463,3-#6_CU_B,130,17.12,AB N,122.6,0,0.3,-98.5,0,0,4,-1,4,-1,25,2,0,0,---,P216392 TO P216393
09095464_09095465,3-#2_AL_C,180,17.24,ABCN,122.6,0,3.5,-98.5,2,2,0,0,73,-13,519,19,0,0,---,P618272 TO P618273
09095465_09095473,3-#2_AL_C,180,17.44,ABCN,122.6,0,3.2,-98.5,2,2,0,0,67,-12,474,15,0,0,---,P618273 TO P716825
09095473_09095479,3-#2_AL_C,180,17.6,ABCN,122.6,0,2.2,-98.5,1,1,0,0,46,-8,325,9,0,0,---,P716825 TO P716826
09095479_09095480,3-#2_AL_C,180,17.68,ABCN,122.6,0,1.5,-98.5,1,1,4,-1,32,-5,225,5,0,0,---,P716826 TO P716827
09095479_09095489,3-#2_AL_C,180,17.75,ABCN,122.6,0,0.7,-98.5,0,0,4,-1,14,-2,100,4,0,0,---,P716826 TO P131078
09095480_09095481,3-#2_AL_C,180,17.88,ABCN,122.6,0,1.3,-98.5,1,1,0,0,28,-5,200,4,0,0,---,P716827 TO P716828
09095481_09095482,3-#2_AL_C,180,18.23,ABCN,122.6,0,1.3,-98.5,1,1,11,-2,28,-5,200,4,0,0,---,P716828 TO P716829
09095482_09095483,3-#2_AL_C,180,18.43,ABCN,122.6,0,0.8,-98.5,0,0,4,-1,18,-3,125,4,0,0,---,P716829 TO P716830
09095483_09095484,3-#2_AL_C,180,18.65,ABCN,122.6,0,0.7,-98.5,0,0,0,0,14,-2,100,2,0,0,---,P716830 TO P108066
09095484_09095485,3-#2_AL_C,180,18.95,ABCN,122.6,0,0.7,-98.5,0,0,0,0,14,-2,100,2,0,0,---,P108066 TO P108067
09095485_09095486,3-#2_AL_C,180,19.06,ABCN,122.6,0,0.5,-98.5,0,0,0,0,11,-2,75,1,0,0,---,P108067 TO P816369
09095485_09095488,3-#2_AL_C,180,19.02,ABCN,122.6,0,0.2,-98.5,0,0,4,-1,4,-1,25,1,0,0,---,P108067 TO P816368
09095486_09095487,3-#2_AL_C,180,19.24,ABCN,122.6,0,0.5,-98.5,0,0,11,-2,11,-2,75,1,0,0,---,P816369 TO P816370
09095488_09095470A,3-#2_AL_B,180,19.21,A CN,122.6,0,0,100,0,0,0,0,0,0,0,0,0,0,---,P816368 TO 909909
09095489_09095490,3-#2_AL_C,180,17.93,ABCN,122.6,0,0.5,-98.5,0,0,0,0,11,-2,75,3,0,0,---,P131078 TO P170099
09095490_09095493,3-#2_AL_C,180,18.15,ABCN,122.6,0,0,100,0,0,0,0,0,0,0,0,0,0,---,P170099 TO P100491
090957AN_090958,3-636_AL_C,770,13.77,ABCN,125,0,123.3,100,16,16,0,0,2670,26,6371,189,0,2,---,909-405G TO Z12820
090958_090959,3-636_AL_C,770,13.81,ABCN,125,0,123.3,100,16,16,4,-1,2670,24,6371,189,0,0,---,Z12820 TO P138011
090959_090960,3-636_AL_C,770,14.14,ABCN,125,0,123.1,100,16,16,1,0,2666,25,6346,188,0,2,---,P138011 TO Z12819
090960_090961,3-636_AL_C,770,14.42,ABCN,125,0,123,100,16,16,0,0,2664,23,6336,188,0,1,---,Z12819 TO Z817052
090961_090962,3-636_AL_C,770,14.75,ABCN,125,0,123,100,16,16,0,0,2664,22,6336,188,0,2,---,Z817052 TO Z12818
090962_09096201,3-#2_AL_C,180,14.86,ABCN,125,0,0.2,-98.5,0,0,4,-1,4,-1,30,3,0,0,---,Z12818 TO P518883
090962_090963,3-636_AL_C,770,14.94,ABCN,125,0,122.8,100,16,16,1,0,2659,21,6306,185,0,1,---,Z12818 TO Z318719
090963_090964,3-636_AL_C,770,15.27,ABCN,124.9,0,122.8,100,16,16,4,-1,2658,20,6301,184,0,2,---,Z318719 TO Z12817
090964_090965,3-636_AL_C,770,15.75,ABCN,124.9,0,122.6,100,16,16,0,0,2654,19,6276,182,1,3,---,Z12817 TO Z12816
090965_09096501,3-#6_CU_C,130,15.99,ABCN,124.9,0,1.3,-98.5,1,1,0,0,27,-5,185,6,0,0,---,Z12816 TO P115111
090965_090966,3-636_AL_C,770,16.21,ABCN,124.9,0,121.4,100,16,16,4,-1,2626,21,6092,176,1,2,---,Z12816 TO Z12815
090966_090967,3-636_AL_C,770,16.31,ABCN,124.9,0,121.2,100,16,16,22,-4,2622,19,6062,176,0,1,---,Z12815 TO Z715199
090967_090968,3-636_AL_C,770,16.81,ABCN,124.8,0,120.2,100,16,16,0,0,2600,22,5912,176,1,3,---,Z715199 TO 909-6
FU 09092120_09092120A,Device Conductor 15A,15,8.15,A CN,124.8,0,1,-98.5,7,7,0,0,14,-3,100,4,0,0,---,P213043
FU 09092157_09092157A,Device Conductor 15A,15,8.68,AB N,124.8,0,0.5,-98.5,3,3,0,0,7,-1,50,1,0,0,---,P114230
FU 09093730_09093730A,Device Conductor 15A,15,14.02,AB N,123.5,0,0.3,-98.5,2,2,0,0,4,-1,25,1,0,0,---,P166155
FU 09095414_09095414A,Device Conductor 10A,10,14.64,AB N,122.7,0,0.5,-98.5,5,5,0,0,7,-1,50,2,0,0,---,P210720
FU 09095428_09095428A,Device Conductor 15A,15,16.57, BCN,122.6,0,0.5,-98.5,3,3,0,0,7,-1,50,4,0,0,---,P164429
FU 09095465_09095465A,Device Conductor 25A,25,17.25,AB N,122.6,0,0.5,-98.5,2,2,0,0,6,-1,45,4,0,0,---,P618273
FU 09095473_09095473A,Device Conductor 30A,30,17.45, BCN,122.5,0,1.5,-98.5,5,5,0,0,21,-4,150,6,0,0,---,P716825
FU 09095490_09095490A,Device Conductor 15A,15,17.94,A CN,122.6,0,0.8,-98.5,5,5,0,0,11,-2,75,3,0,0,---,P170099
SW 090968_090968A,Device Conductor 600A,600,16.82,ABCN,124.8,0,120.2,100,20,20,0,0,2599,20,5912,176,0,0,---,909-6
09092120A_09092121,1C#2SAPECN,108,8.74,A CN,124.8,0,1,-98.5,1,1,7,-1,14,-3,100,4,0,0,---,P213043 TO D154016
09092121_09092122,1C#2SAPECN,108,9.34,A CN,124.8,0,0.5,-98.5,0,0,7,-1,7,-1,50,2,0,0,---,D154016 TO D154017
09092157A_09092158,1C#2SAPECN,108,9.23,AB N,124.8,0,0.5,-98.5,0,0,0,0,7,-1,50,1,0,0,---,P114230 TO H122934
09092158_09092159,1C#2SAPECN,108,9.51,AB N,124.8,0,0.5,-98.5,0,0,7,-1,7,-1,50,1,0,0,---,H122934 TO D166585
09093730A_09093731,1C#2SAPECN,108,14.36,AB N,123.5,0,0.3,-98.5,0,0,4,-1,4,-1,25,1,0,0,---,P166155 TO D137838
09095414A_09095415,2ALPECNPID,115,15.05,AB N,122.7,0,0.5,-98.5,0,0,7,-1,7,-1,50,2,0,0,---,P210720 TO D3875577719
09095428A_09095454,1C#2SAPECN,108,17.05, BCN,122.6,0,0.5,-98.5,0,0,4,-1,7,-1,50,4,0,0,---,P164429 TO D133998
09095454_09095455,1C#2SAPECN,108,17.38, BCN,122.6,0,0.3,-98.5,0,0,4,-1,4,-1,25,3,0,0,---,D133998 TO D134080
09095465A_09095466,3-#2_AL_B,180,17.34,AB N,122.6,0,0.5,-98.5,0,0,0,0,6,-1,45,4,0,0,---,P618273 TO P618274
09095466_09095467,3-#2_AL_B,180,17.59,AB N,122.6,0,0.5,-98.5,0,0,0,0,6,-1,45,4,0,0,---,P618274 TO P618275
09095467_09095468,3-#2_AL_B,180,17.84,AB N,122.6,0,0.5,-98.5,0,0,1,0,6,-1,45,4,0,0,---,P618275 TO P618276
09095468_09095469,3-#2_AL_B,180,18.21,AB N,122.6,0,0.4,-98.5,0,0,1,0,5,-1,35,2,0,0,---,P618276 TO P618277
09095469_09095470,3-#2_AL_B,180,18.51,AB N,122.6,0,0.3,-98.5,0,0,0,0,4,-1,25,1,0,0,---,P618277 TO 909909
09095470_09095471,3-#2_AL_B,180,18.79,AB N,122.6,0,0.3,-98.5,0,0,0,0,4,-1,25,1,0,0,---,909909 TO P618279
09095471_09095472,3-#2_AL_B,180,18.98,AB N,122.6,0,0.3,-98.5,0,0,4,-1,4,-1,25,1,0,0,---,P618279 TO P618280
09095473A_09095474,1C#2SAPECN,108,17.59, BCN,122.5,0,1.5,-98.5,1,1,0,0,21,-4,150,6,0,0,---,P716825 TO D3903078260
09095474_09095475,1C#2SAPECN,108,17.63, BCN,122.5,0,0.3,-98.5,0,0,4,-1,4,-1,25,1,0,0,---,D3903078260 TO D114585
09095474_09095476,1C#2SAPECN,108,17.83, BCN,122.5,0,1,-98.5,1,1,7,-1,14,-2,100,4,0,0,---,D3903078260 TO D3907097985
09095474_09095478,1C#2SAPECN,108,17.93, BCN,122.5,0,0.3,-98.5,0,0,4,-1,4,-1,25,1,0,0,---,D3903078260 TO D3906078261
09095476_09095477,1C#2SAPECN,108,18.05, BCN,122.5,0,0.5,-98.5,0,0,7,-1,7,-1,50,3,0,0,---,D3907097985 TO D3902678219
09095490A_09095491,1C#2SAPECN,108,18.5,A CN,122.6,0,0.8,-98.5,1,1,7,-1,11,-2,75,3,0,0,---,P170099 TO D146235
09095491_09095492,1C#2SAPECN,108,19.27,A CN,122.6,0,0.3,-98.5,0,0,4,-1,4,-1,25,1,0,0,---,D146235 TO D157028
09096501_09096502,3-#6_CU_C,130,16.14,ABCN,124.9,0,1.3,-98.5,1,1,6,-1,27,-5,185,6,0,0,---,P115111 TO P115112
09096502_09096503,3-#4_CU_C,180,16.24,ABCN,124.9,0,1,-98.5,1,1,0,0,21,-4,145,5,0,0,---,P115112 TO P101764
09096503_09096504,3-#6_CU_B,130,16.26,AB N,124.9,0,0.9,-98.5,1,1,0,0,12,-2,85,1,0,0,---,P101764 TO P200147
09096503_09096509,3-#2_AL_C,180,16.46,ABCN,124.9,0,0.4,-98.5,0,0,0,0,9,-2,60,4,0,0,---,P101764 TO P101926
09096504_09096505,3-#6_CU_B,130,16.55,AB N,124.9,0,0.6,-98.5,0,0,7,-1,9,-2,60,1,0,0,---,P200147 TO P213428
09096505_09096506,3-#6_CU_B,130,16.87,AB N,124.9,0,0.1,-98.5,0,0,1,0,1,0,10,0,0,0,---,P213428 TO P213429
09096509_09096510,3-#2_AL_C,180,16.54,ABCN,124.9,0,0.4,-98.5,0,0,4,-1,9,-2,60,4,0,0,---,P101926 TO P101960
09096510_09096511,3-#2_AL_C,180,16.82,ABCN,124.9,0,0.2,-98.5,0,0,5,-1,5,-1,35,3,0,0,---,P101960 TO P101965
090968A_09096801,3-#2_AL_B,180,17.13,A CN,124.9,0,0.4,-98.5,0,0,4,-1,5,-1,35,2,0,0,---,909-6 TO P716403
090968A_09096804,3-#2_AL_B,180,17.08,AB N,124.8,0,0.6,-98.5,0,0,0,0,9,-1,60,4,0,0,---,909-6 TO P32940
090968A_090969,3-636_AL_C,770,17.02,ABCN,124.8,0,119.6,100,16,16,0,0,2585,22,5817,170,0,1,---,909-6 TO Z12813
090969_090970,3-636_AL_C,770,17.53,ABCN,124.8,0,119.6,100,16,16,0,0,2585,21,5817,170,1,3,---,Z12813 TO Z12812
090970_090971,3-636_AL_C,770,18.11,ABCN,124.8,0,119.6,100,16,16,0,0,2585,18,5817,170,1,3,---,Z12812 TO Z12811
090971_090972,3-636_AL_C,770,19.4,ABCN,124.7,0.1,119.1,100,15,15,0,0,2573,17,5742,170,2,7,---,Z12811 TO Z12810
090972_090973,3-636_AL_C,770,19.57,ABCN,124.7,0,119.1,100,15,15,0,0,2571,11,5742,170,0,1,---,Z12810 TO Z12809
090973_09097301,3-#6_CU_C,130,19.71,ABCN,124.7,0,3.8,-98.5,3,3,0,0,82,-14,565,10,0,0,---,Z12809 TO P110158
090973_090974,3-636_AL_C,770,19.98,ABCN,124.7,0,115.3,100,15,15,0,0,2490,24,5178,160,0,2,---,Z12809 TO Z12808
090974_09097401,3-#4_CU_B,180,20.17, BCN,124.6,0,3.6,-98.5,2,2,0,0,51,-9,354,44,0,0,---,Z12808 TO P190345
090974_090975,3-636_AL_C,770,21.52,ABCN,124.6,0.1,112.9,100,15,15,0,0,2438,31,4823,116,2,7,---,Z12808 TO Z12807
090975_090976,3-636_AL_C,770,22.27,ABCN,124.5,0,112.9,100,15,15,0,0,2436,24,4823,116,1,3,---,Z12807 TO Z12806
090976_090977,3-636_AL_C,770,22.53,ABCN,124.5,0,112.9,100,15,15,0,0,2435,21,4823,116,0,1,---,Z12806 TO Z12805
090977_090978,3-636_AL_C,770,22.88,ABCN,124.5,0,112.9,100,15,15,0,0,2435,20,4823,116,0,2,---,Z12805 TO Z12804
090978_090979,3-636_AL_C,770,23.5,ABCN,124.5,0,112.9,100,15,15,0,0,2435,18,4823,116,1,3,---,Z12804 TO Z12803
090979_090980,3-636_AL_C,770,24.02,ABCN,124.4,0,112.6,100,15,15,0,0,2427,16,4773,105,1,2,---,Z12803 TO Z12802
090980_090981,3-636_AL_C,770,24.4,ABCN,124.4,0,112.4,100,15,15,0,0,2423,15,4748,100,0,2,---,Z12802 TO Z12801
090981_090982,3-636_AL_C,770,24.72,ABCN,124.4,0,112.1,100,15,15,0,0,2415,14,4698,87,0,1,---,Z12801 TO Z12800
090982_090983,3-636_AL_C,770,25.15,ABCN,124.4,0,111.8,100,15,15,0,0,2408,14,4648,79,0,2,---,Z12800 TO Z12799
090983_090984,3-636_AL_C,770,25.49,ABCN,124.3,0,111.8,100,15,15,0,0,2407,12,4648,79,0,1,---,Z12799 TO Z12798
090984_090985,3-636_AL_C,770,25.86,ABCN,124.3,0,111.8,100,15,15,0,0,2407,11,4648,79,0,2,---,Z12798 TO Z12797
090985_090986,3-636_AL_C,770,26.25,ABCN,124.3,0,111.8,100,15,15,0,0,2406,9,4648,79,0,2,---,Z12797 TO Z817051
090986_09098601,3-#2_AL_B,180,26.6,ABCN,124.3,0,3.1,-98.5,2,2,0,0,65,-11,450,6,0,0,---,Z817051 TO P205935
090986_090987,3-636_AL_C,770,26.64,ABCN,124.3,0,108.7,100,14,14,0,0,2341,19,4198,73,0,2,---,Z817051 TO Z12796
090987_090988,3-636_AL_C,770,26.92,ABCN,124.3,0,108.7,100,14,14,0,0,2341,17,4198,73,0,1,---,Z12796 TO Z817050
090988_090989,3-636_AL_C,770,27.23,ABCN,124.3,0,108.7,100,14,14,0,0,2341,16,4198,73,0,1,---,Z817050 TO Z12795
090989_090990,3-636_AL_C,770,27.49,ABCN,124.2,0,108.7,100,14,14,0,0,2340,14,4198,73,0,1,---,Z12795 TO Z817049
090990_090991,3-636_AL_C,770,27.76,ABCN,124.2,0,108.7,100,14,14,0,0,2340,13,4198,73,0,1,---,Z817049 TO Z12794
090991_090992,3-636_AL_C,770,28.21,ABCN,124.2,0,108.7,100,14,14,0,0,2340,12,4198,73,0,2,---,Z12794 TO Z12793
090992_090993,3-636_AL_C,770,28.53,ABCN,124.2,0,108.7,100,14,14,0,0,2339,10,4198,73,0,2,---,Z12793 TO 909-13CW
090993_090994,3-636_AL_C,770,28.62,ABCN,124.1,0,124.3,87.5,16,16,0,0,2339,1294,4198,73,0,0,---,909-13CW TO Z12111
090994_09099401,3-394_AL_C,530,28.93,ABCN,124.1,0,7.8,-98.5,1,1,0,0,165,-28,1149,51,0,0,---,Z12111 TO P12110
090994_090995,3-394_AL_C,530,29.11,ABCN,124,0.1,118.3,85.4,22,22,0,0,2174,1322,3049,22,1,3,---,Z12111 TO Z12112
090995_090996,3-394_AL_C,530,29.53,ABCN,123.9,0.1,118.3,85.5,22,22,0,0,2173,1319,3049,22,1,2,---,Z12112 TO 909-10
FU 09096504_09096504A,Device Conductor 15A,15,16.27,AB N,124.9,0,0.3,-98.5,2,2,0,0,4,-1,25,0,0,0,---,P200147
FU 090971_090971A,Device Conductor 15A,15,18.12,ABCN,124.8,0,0.5,-98.5,3,3,0,0,11,-2,75,0,0,0,---,Z12811
FU 09097301_09097301A,Device Conductor 50A,50,19.72,ABCN,124.7,0,3.8,-98.5,8,8,0,0,82,-14,565,10,0,0,---,P110158
FU 090979_090979A,Device Conductor 30A,30,23.51,A  N,124.5,0,1,-98.5,3,3,0,0,7,-1,50,11,0,0,---,Z12803
FU 090980_090980A,Device Conductor 30A,30,24.03,A  N,124.5,0,0.5,-98.5,2,2,0,0,4,-1,25,5,0,0,---,Z12802
FU 090981_090981A,Device Conductor 30A,30,24.41,  CN,124.4,0,1,-98.5,3,3,0,0,7,-1,50,13,0,0,---,Z12801
FU 090982_090982A,Device Conductor 30A,30,24.73,  CN,124.4,0,1,-98.5,3,3,0,0,7,-1,50,8,0,0,---,Z12800
FU 09098601_09098601A,Device Conductor 80A,80,26.61,ABCN,124.3,0,3.1,-98.5,4,4,0,0,65,-11,450,6,0,0,---,P205935
FU 09099401_09099401A,Device Conductor 125A,125,28.94,ABCN,124.1,0,7.8,-98.5,6,6,1,0,165,-28,1149,51,0,0,---,P12110
SW 090996_090996A,Device Conductor 600A,600,29.54,ABCN,123.9,0,118.3,85.5,20,20,0,0,2172,1317,3049,22,0,0,---,909-10
09096504A_09096507,1C#2SAPECN,108,16.82,AB N,124.9,0,0.3,-98.5,0,0,0,0,4,-1,25,0,0,0,---,P200147 TO D159252
09096507_09096508,1C#2SAPECN,108,17.08,AB N,124.9,0,0.3,-98.5,0,0,4,-1,4,-1,25,0,0,0,---,D159252 TO D159253
09096801_09096802,3-#2_AL_B,180,17.47,A CN,124.9,0,0.1,-98.5,0,0,0,0,1,0,10,2,0,0,---,P716403 TO P716404
09096802_09096803,3-#2_AL_B,180,17.77,A CN,124.9,0,0.1,-98.5,0,0,1,0,1,0,10,2,0,0,---,P716404 TO P716405
09096804_09096805,3-#2_AL_B,180,17.36,AB N,124.8,0,0.6,-98.5,0,0,0,0,9,-1,60,4,0,0,---,P32940 TO P32941
09096805_09096806,3-#2_AL_B,180,17.66,AB N,124.8,0,0.6,-98.5,0,0,0,0,9,-1,60,4,0,0,---,P32941 TO P31869
09096806_09096807,3-#2_AL_B,180,17.67,AB N,124.8,0,0.1,-98.5,0,0,1,0,1,0,10,2,0,0,---,P31869 TO CG199999
09096806_09096808,3-#2_AL_B,180,17.86,AB N,124.8,0,0.5,-98.5,0,0,0,0,7,-1,50,2,0,0,---,P31869 TO P191024
09096808_09096809,3-#2_AL_B,180,17.9,AB N,124.8,0,0.5,-98.5,0,0,0,0,7,-1,50,2,0,0,---,P191024 TO P191025
09096809_09096810,3-#2_AL_B,180,18.25,AB N,124.8,0,0.5,-98.5,0,0,7,-1,7,-1,50,2,0,0,---,P191025 TO P191026
090971A_09097101,3-#2_AL_B,180,18.23,ABCN,124.8,0,0.5,-98.5,0,0,11,-2,11,-2,75,0,0,0,---,Z12811 TO P245006
09097301A_09097302,3-#6_CU_C,130,19.92,ABCN,124.7,0,3.8,-98.5,3,3,0,0,82,-14,565,10,0,0,---,P110158 TO P110159
09097302_09097303,3-#6_CU_C,130,21.04,ABCN,124.6,0,3.8,-98.5,3,3,0,0,82,-14,565,10,0,0,---,P110159 TO P110160
09097303_09097304,3-#6_CU_C,130,21.43,ABCN,124.6,0,3.8,-98.5,3,3,4,-1,82,-14,565,10,0,0,---,P110160 TO P110161
09097304_09097305,3-#6_CU_C,130,21.81,ABCN,124.6,0,3.7,-98.5,3,3,0,0,78,-13,540,9,0,0,---,P110161 TO P110162
09097305_09097306,3-#6_CU_C,130,21.95,ABCN,124.6,0,3.7,-98.5,3,3,0,0,78,-13,540,9,0,0,---,P110162 TO P411059
09097306_09097307,3-#6_CU_C,130,22.19,ABCN,124.6,0,2.5,-98.5,2,2,0,0,53,-9,365,5,0,0,---,P411059 TO P110163
09097306_09097314,3-#6_CU_C,130,22.16,ABCN,124.6,0,1.2,-98.5,1,1,0,0,25,-4,175,4,0,0,---,P411059 TO P411060
09097307_09097308,3-#6_CU_C,130,22.34,ABCN,124.6,0,0.4,-98.5,0,0,0,0,9,-2,65,3,0,0,---,P110163 TO P815076
09097307_09097310,3-#2_AL_C,180,22.59,ABCN,124.6,0,2,-98.5,1,1,0,0,43,-7,300,2,0,0,---,P110163 TO P815800
09097308_09097309,3-#6_CU_C,130,22.45,A CN,124.6,0,0.7,-98.5,1,1,9,-2,9,-2,65,3,0,0,---,P815076 TO P110164
09097310_09097311,3-#2_AL_C,180,22.84,ABCN,124.6,0,2,-98.5,1,1,18,-3,43,-7,300,2,0,0,---,P815800 TO P815801
09097311_09097312,3-#2_AL_C,180,23.2,ABCN,124.6,0,1.2,-98.5,1,1,0,0,25,-4,175,1,0,0,---,P815801 TO P815802
09097312_09097313,3-#2_AL_C,180,23.55,ABCN,124.6,0,1.2,-98.5,1,1,25,-4,25,-4,175,1,0,0,---,P815802 TO P815803
09097314_09097315,3-#6_CU_C,130,22.31,ABCN,124.6,0,1.2,-98.5,1,1,0,0,25,-4,175,4,0,0,---,P411060 TO P411061
09097315_09097316,3-#4_CU_C,180,23,ABCN,124.6,0,0.7,-98.5,0,0,0,0,14,-2,100,3,0,0,---,P411061 TO P415313
09097315_09097320,3-#6_CU_C,130,22.88,ABCN,124.6,0,0.5,-98.5,0,0,0,0,11,-2,75,1,0,0,---,P411061 TO P411062
09097316_09097317,3-#4_CU_C,180,23.19,ABCN,124.6,0,0.7,-98.5,0,0,11,-2,14,-2,100,3,0,0,---,P415313 TO P415314
09097317_09097318,3-#4_CU_C,180,23.61,ABCN,124.6,0,0.2,-98.5,0,0,0,0,4,-1,25,1,0,0,---,P415314 TO P415315
09097318_09097319,3-#4_CU_C,180,23.73,ABCN,124.6,0,0.2,-98.5,0,0,4,-1,4,-1,25,1,0,0,---,P415315 TO P415316
09097320_09097321,3-#6_CU_C,130,23.21,ABCN,124.6,0,0.5,-98.5,0,0,11,-2,11,-2,75,1,0,0,---,P411062 TO P411063
09097401_09097402,3-#4_CU_B,180,20.57, BCN,124.6,0,3.6,-98.5,2,2,0,0,51,-9,354,44,0,0,---,P190345 TO P414015
09097402_09097403,3-#6_CU_B,130,20.77, BCN,124.6,0,0.3,-98.5,0,0,0,0,4,-1,25,3,0,0,---,P414015 TO P417027
09097402_09097406,3-#4_CU_B,180,20.92, BCN,124.6,0,3.4,-98.5,2,2,0,0,48,-8,330,41,0,0,---,P414015 TO P414016
09097403_09097404,3-#6_CU_B,130,21.07, BCN,124.6,0,0.3,-98.5,0,0,4,-1,4,-1,25,3,0,0,---,P417027 TO P417028
09097404_09097405,3-#2_AL_B,180,21.3, BCN,124.6,0,0,100,0,0,0,0,0,0,0,0,0,0,---,P417028 TO P160737
09097406_09097407,3-#4_CU_B,180,21.29, BCN,124.6,0,3.4,-98.5,2,2,0,0,48,-8,330,41,0,0,---,P414016 TO P414017
090979A_09097901,1C#2SAPECN,108,23.75,A  N,124.5,0,1,-98.5,1,1,0,0,7,-1,50,11,0,0,---,Z12803 TO H111605
090980A_09098001,1C#2SAPECN,108,24.25,A  N,124.5,0,0.5,-98.5,0,0,0,0,4,-1,25,5,0,0,---,Z12802 TO H108754
090981A_09098101,1C#2SAPECN,108,24.59,  CN,124.4,0,1,-98.5,1,1,0,0,7,-1,50,13,0,0,---,Z12801 TO H100833
090982A_09098201,1C#2SAPECN,108,24.86,  CN,124.4,0,1,-98.5,1,1,7,-1,7,-1,50,8,0,0,---,Z12800 TO D123975
09098601A_09098602,1C#2SAPECN,108,26.69,ABCN,124.3,0,3.1,-98.5,3,3,0,0,65,-11,450,6,0,0,---,P205935 TO D199368
09098602_09098603,1C#2SAPECN,108,26.95,ABCN,124.3,0,1.5,-98.5,1,1,32,-6,32,-6,225,5,0,0,---,D199368 TO D197454
09098602_09098604,1C#2SAPECN,108,26.95,ABCN,124.3,0,1.5,-98.5,1,1,32,-6,32,-6,225,1,0,0,---,D199368 TO D197452
09099401A_09099402,3-#2_AL_C,180,29.09,ABCN,124.1,0,7.7,-98.5,4,4,4,-1,164,-28,1140,48,0,0,---,P12110 TO P717790
09099402_09099403,3-#2_CU_C,230,29.38,ABCN,124.1,0,7.6,-98.5,3,3,0,0,160,-28,1115,46,0,0,---,P717790 TO P12109
09099403_09099404,3-#2_CU_C,230,29.6,ABCN,124.1,0,7,-98.5,3,3,0,0,149,-26,1040,41,0,0,---,P12109 TO P815995
09099403_09099487,3-#2_AL_B,180,29.48,A CN,124.2,0,0.8,-98.5,0,0,4,-1,11,-2,75,5,0,0,---,P12109 TO P812302
09099404_09099405,3-#2_AL_C,180,29.75,ABCN,124.1,0,3.8,-98.5,2,2,2,0,80,-14,555,10,0,0,---,P815995 TO P130833
09099404_09099437,3-#2_CU_C,230,29.9,ABCN,124.1,0,2.9,-98.5,1,1,0,0,62,-11,435,23,0,0,---,P815995 TO P12108
09099404_09099485,3-#2_AL_B,180,29.69, BCN,124.1,0,0.5,-98.5,0,0,4,-1,7,-1,50,8,0,0,---,P815995 TO P815994
09099405_09099406,3-#2_AL_C,180,29.95,ABCN,124.1,0,3.7,-98.5,2,2,0,0,78,-13,540,10,0,0,---,P130833 TO P817766
09099406_09099407,3-#2_AL_C,180,30.35,ABCN,124.1,0,3.7,-98.5,2,2,0,0,78,-13,540,10,0,0,---,P817766 TO P817767
09099407_09099408,3-#2_AL_C,180,30.72,ABCN,124.1,0,3.7,-98.5,2,2,11,-2,78,-13,540,10,0,0,---,P817767 TO P817768
09099408_09099409,3-#2_AL_C,180,31.25,ABCN,124.1,0,3.2,-98.5,2,2,0,0,67,-12,465,9,0,0,---,P817768 TO P817769
09099409_09099410,3-#2_AL_C,180,31.57,ABCN,124.1,0,3.2,-98.5,2,2,0,0,67,-12,465,9,0,0,---,P817769 TO P817770
09099410_09099411,3-#2_AL_C,180,32,ABCN,124.1,0,2.8,-98.5,2,2,4,-1,60,-10,420,7,0,0,---,P817770 TO P817771
09099410_09099436,3-#2_AL_C,180,31.85,ABCN,124.1,0,0.3,-98.5,0,0,6,-1,6,-1,45,2,0,0,---,P817770 TO P236545
09099411_09099412,3-#2_AL_C,180,32.15,ABCN,124.1,0,2.6,-98.5,1,1,0,0,56,-10,390,6,0,0,---,P817771 TO P222436
09099412_09099413,3-#2_AL_C,180,32.27,ABCN,124.1,0,2.6,-98.5,1,1,0,0,56,-10,390,6,0,0,---,P222436 TO P222437
09099413_09099414,3-#2_AL_C,180,32.41,ABCN,124.1,0,2.6,-98.5,1,1,11,-2,56,-10,390,6,0,0,---,P222437 TO P811629
09099414_09099415,3-#2_AL_C,180,32.71,ABCN,124.1,0,2.1,-98.5,1,1,0,0,45,-8,315,6,0,0,---,P811629 TO P811628
09099415_09099416,3-#2_AL_C,180,33.06,ABCN,124.1,0,2.1,-98.5,1,1,0,0,45,-8,315,6,0,0,---,P811628 TO P811099
09099416_09099417,3-#2_AL_C,180,33.37,ABCN,124.1,0,2.1,-98.5,1,1,0,0,45,-8,315,6,0,0,---,P811099 TO P811098
09099417_09099418,3-#2_AL_C,180,33.67,ABCN,124.1,0,2.1,-98.5,1,1,0,0,45,-8,315,6,0,0,---,P811098 TO P811097
09099418_09099419,3-#2_AL_C,180,33.97,ABCN,124.1,0,2.1,-98.5,1,1,0,0,45,-8,315,6,0,0,---,P811097 TO P811096
09099419_09099420,3-#2_AL_C,180,34.22,ABCN,124.1,0,2.1,-98.5,1,1,0,0,45,-8,315,6,0,0,---,P811096 TO P811095
09099420_09099421,3-#2_AL_C,180,34.57,ABCN,124.1,0,2.1,-98.5,1,1,11,-2,45,-8,315,6,0,0,---,P811095 TO P811094
09099421_09099422,3-#2_AL_C,180,34.81,ABCN,124.1,0,1.6,-98.5,1,1,0,0,34,-6,240,4,0,0,---,P811094 TO P811093
09099422_09099423,3-#2_AL_C,180,35.22,ABCN,124.1,0,1.6,-98.5,1,1,0,0,34,-6,240,4,0,0,---,P811093 TO P811092
09099423_09099424,3-#2_AL_C,180,35.65,ABCN,124.1,0,1.6,-98.5,1,1,0,0,34,-6,240,4,0,0,---,P811092 TO P811091
09099424_09099425,3-#2_AL_C,180,35.93,ABCN,124.1,0,1.6,-98.5,1,1,0,0,34,-6,240,4,0,0,---,P811091 TO P811090
09099425_09099426,3-#2_AL_C,180,36.21,ABCN,124.1,0,1.6,-98.5,1,1,0,0,34,-6,240,4,0,0,---,P811090 TO P319404
09099426_09099427,3-#4_CU_C,180,36.4,ABCN,124.1,0,1.6,-98.5,1,1,0,0,34,-6,240,4,0,0,---,P319404 TO P319405
09099427_09099428,3-#4_CU_C,180,36.62,ABCN,124.1,0,1.6,-98.5,1,1,0,0,34,-6,240,4,0,0,---,P319405 TO P319406
09099428_09099429,3-#4_CU_C,180,37.01,ABCN,124.1,0,1.6,-98.5,1,1,0,0,34,-6,240,4,0,0,---,P319406 TO P319407
09099429_09099430,3-#4_CU_C,180,37.15,ABCN,124.1,0,1.6,-98.5,1,1,22,-4,34,-6,240,4,0,0,---,P319407 TO P319408
09099430_09099431,3-#2_AL_C,180,37.64,ABCN,124.1,0,0.6,-98.5,0,0,0,0,13,-2,90,4,0,0,---,P319408 TO P813522
09099431_09099432,3-#2_AL_C,180,37.74,ABCN,124.1,0,0.6,-98.5,0,0,11,-2,13,-2,90,4,0,0,---,P813522 TO P160144
09099432_09099433,3-#2_AL_C,180,38.04,ABCN,124.1,0,0.1,-98.5,0,0,0,0,2,0,15,1,0,0,---,P160144 TO P160145
09099433_09099434,3-#2_AL_C,180,38.26,ABCN,124.1,0,0.1,-98.5,0,0,0,0,2,0,15,1,0,0,---,P160145 TO P160146
09099434_09099435,3-#2_AL_C,180,38.42,ABCN,124.1,0,0.1,-98.5,0,0,2,0,2,0,15,1,0,0,---,P160146 TO P319411
09099437_09099438,3-#2_CU_C,230,30.24,ABCN,124.1,0,2.9,-98.5,1,1,0,0,62,-11,435,23,0,0,---,P12108 TO P12107
09099438_09099439,3-#2_CU_C,230,30.51,ABCN,124.1,0,2.9,-98.5,1,1,0,0,62,-11,435,23,0,0,---,P12107 TO P12106
09099439_09099440,3-#2_CU_C,230,30.61,ABCN,124.1,0,2.9,-98.5,1,1,1,0,62,-11,435,23,0,0,---,P12106 TO P12105
09099440_09099441,3-#2_CU_C,230,30.95,ABCN,124.1,0,2.9,-98.5,1,1,0,0,61,-11,425,23,0,0,---,P12105 TO P12104
09099441_09099442,3-#2_AL_B,180,31.25,AB N,124.1,0,3.5,-98.5,2,2,0,0,49,-8,340,20,0,0,---,P12104 TO P614100
09099441_09099476,3-#2_CU_C,230,31.65,ABCN,124.1,0,0.6,-98.5,0,0,6,-1,12,-2,85,3,0,0,---,P12104 TO P615801
09099442_09099443,3-#2_AL_B,180,31.55,AB N,124.1,0,3.5,-98.5,2,2,0,0,49,-8,340,20,0,0,---,P614100 TO P614101
09099443_09099444,3-#2_AL_B,180,31.86,AB N,124.1,0,3.5,-98.5,2,2,0,0,49,-8,340,20,0,0,---,P614101 TO P614102
09099444_09099445,3-#2_AL_B,180,32.16,AB N,124.1,0,3.5,-98.5,2,2,0,0,49,-8,340,20,0,0,---,P614102 TO P614103
09099445_09099446,3-#2_AL_B,180,32.46,AB N,124.1,0,3.5,-98.5,2,2,0,0,49,-8,340,20,0,0,---,P614103 TO P614104
09099446_09099447,3-#2_AL_B,180,32.67,AB N,124.1,0,3.5,-98.5,2,2,4,-1,49,-8,340,20,0,0,---,P614104 TO P717694
09099447_09099448,3-#2_AL_B,180,32.87,AB N,124.1,0,3.2,-98.5,2,2,0,0,45,-8,315,18,0,0,---,P717694 TO P614105
09099448_09099449,3-#2_AL_B,180,33.33,AB N,124.1,0,0.3,-98.5,0,0,4,-1,4,-1,25,0,0,0,---,P614105 TO P614106
09099448_09099450,3-#2_AL_B,180,33.08,AB N,124.1,0,2.9,-98.5,2,2,0,0,42,-7,290,18,0,0,---,P614105 TO P614107
09099450_09099451,3-#2_AL_B,180,33.38,AB N,124.1,0,2.9,-98.5,2,2,2,0,42,-7,290,18,0,0,---,P614107 TO P614108
09099451_09099452,3-#2_AL_B,180,33.56,AB N,124.1,0,2.8,-98.5,2,2,4,-1,39,-7,275,16,0,0,---,P614108 TO P614109
09099452_09099453,3-#2_AL_B,180,33.81,AB N,124.1,0,2.5,-98.5,1,1,0,0,36,-6,250,16,0,0,---,P614109 TO P619462
09099453_09099454,3-#2_AL_C,180,34.04,AB N,124.1,0,0.3,-98.5,0,0,4,-1,4,-1,25,1,0,0,---,P619462 TO P222796
09099453_09099455,3-#2_AL_B,180,34.12,AB N,124.1,0,2.3,-98.5,1,1,0,0,32,-6,225,15,0,0,---,P619462 TO P619463
09099455_09099456,3-#2_AL_B,180,34.32,AB N,124.1,0,2.3,-98.5,1,1,0,0,32,-6,225,15,0,0,---,P619463 TO P619571
09099456_09099457,3-#2_AL_B,180,34.42,AB N,124.1,0,0.3,-98.5,0,0,0,0,4,-1,25,1,0,0,---,P619571 TO P160858
09099456_09099459,3-#2_AL_B,180,34.52,AB N,124.1,0,1,-98.5,1,1,0,0,14,-2,100,9,0,0,---,P619571 TO P710562
09099456_09099466,3-#2_AL_B,180,34.52,AB N,124.1,0,1,-98.5,1,1,0,0,14,-2,100,5,0,0,---,P619571 TO P619572
09099457_09099458,3-#2_AL_B,180,34.83,AB N,124.1,0,0.3,-98.5,0,0,4,-1,4,-1,25,1,0,0,---,P160858 TO P160859
09099459_09099460,3-#2_AL_B,180,34.82,AB N,124.1,0,1,-98.5,1,1,7,-1,14,-2,100,9,0,0,---,P710562 TO P710563
09099460_09099461,3-#2_AL_B,180,35.12,AB N,124.1,0,0.5,-98.5,0,0,0,0,7,-1,50,3,0,0,---,P710563 TO P710564
09099461_09099462,3-#2_AL_B,180,35.4,AB N,124.1,0,0.3,-98.5,0,0,4,-1,4,-1,25,1,0,0,---,P710564 TO P812981
09099461_09099463,3-#2_AL_B,180,35.2,AB N,124.1,0,0.3,-98.5,0,0,0,0,4,-1,25,2,0,0,---,P710564 TO P714529
09099463_09099464,3-#2_AL_B,180,35.41,AB N,124.1,0,0.3,-98.5,0,0,0,0,4,-1,25,2,0,0,---,P714529 TO P714530
09099464_09099465,3-#2_AL_B,180,35.6,AB N,124.1,0,0.3,-98.5,0,0,4,-1,4,-1,25,2,0,0,---,P714530 TO P714531
09099466_09099467,3-#2_AL_B,180,34.73,AB N,124.1,0,1,-98.5,1,1,4,-1,14,-2,100,5,0,0,---,P619572 TO P619573
09099467_09099468,3-#2_AL_B,180,34.93,AB N,124.1,0,0.8,-98.5,0,0,0,0,11,-2,75,5,0,0,---,P619573 TO P712925
09099468_09099469,3-#2_AL_B,180,35.13,AB N,124.1,0,0.8,-98.5,0,0,0,0,11,-2,75,5,0,0,---,P712925 TO P712926
09099469_09099470,3-#2_AL_B,180,35.21,AB N,124.1,0,0.4,-98.5,0,0,0,0,6,-1,40,5,0,0,---,P712926 TO P712927
09099469_09099474,3-#2_AL_B,180,35.33,AB N,124.1,0,0.4,-98.5,0,0,1,0,5,-1,35,0,0,0,---,P712926 TO P816108
09099470_09099471,3-#2_AL_B,180,35.52,AB N,124.1,0,0.4,-98.5,0,0,4,-1,6,-1,40,5,0,0,---,P712927 TO P712928
09099471_09099472,3-#2_AL_B,180,35.82,AB N,124.1,0,0.2,-98.5,0,0,0,0,2,0,15,1,0,0,---,P712928 TO P712929
09099472_09099473,3-#2_AL_B,180,36.07,AB N,124.1,0,0.2,-98.5,0,0,2,0,2,0,15,1,0,0,---,P712929 TO P712930
09099474_09099475,3-#2_AL_B,180,35.67,AB N,124.1,0,0.3,-98.5,0,0,4,-1,4,-1,25,0,0,0,---,P816108 TO P816109
09099476_09099477,3-#2_CU_C,230,31.7,ABCN,124.1,0,0.3,-98.5,0,0,0,0,6,-1,40,3,0,0,---,P615801 TO P12103
09099477_09099479,3-#2_CU_C,230,31.77,ABCN,124.1,0,0.3,-98.5,0,0,0,0,6,-1,40,3,0,0,---,P12103 TO P317958
09099479_09099481,3-#6_CU_B,130,31.98,A CN,124.1,0,0.4,-98.5,0,0,2,0,6,-1,40,3,0,0,---,P317958 TO P317957
09099481_09099482,3-#6_CU_B,130,32.15,A CN,124.1,0,0.3,-98.5,0,0,0,0,4,-1,25,2,0,0,---,P317957 TO P510614
09099482_09099483,3-#6_CU_B,130,32.54,A CN,124.1,0,0.3,-98.5,0,0,0,0,4,-1,25,2,0,0,---,P510614 TO P510615
09099483_09099484,3-#6_CU_B,130,32.86,A CN,124.1,0,0.3,-98.5,0,0,4,-1,4,-1,25,2,0,0,---,P510615 TO P510616
09099485_09099486,3-#2_AL_B,180,29.98, BCN,124.1,0,0.3,-98.5,0,0,4,-1,4,-1,25,8,0,0,---,P815994 TO P815993
09099487_09099488,3-#2_AL_B,180,29.87,A CN,124.2,0,0.5,-98.5,0,0,7,-1,7,-1,50,2,0,0,---,P812302 TO P812301
090996A_090997,3-394_AL_C,530,29.63,ABCN,123.9,0,118.3,85.5,22,22,0,0,2172,1317,3049,22,0,0,---,909-10 TO 909-11
090997_09099701,3-394_AL_C,530,29.93,ABCN,123.9,0,1.7,-98.5,0,0,0,0,36,-6,250,20,0,0,---,909-11 TO Z12114
FU 09097407_09097407A,Device Conductor 125A,125,21.3, BCN,124.6,0,3.4,-98.5,3,3,0,0,48,-8,330,41,0,0,---,P414017
FU 09099477_09099477AN,Device Conductor 15A,15,31.71,ABCN,124.1,0,0,100,0,0,0,0,0,0,0,0,0,0,---,P317958
FU 09099477_3818272932,Device Conductor 10A,10,31.72,ABCN,124.1,0,0,100,0,0,0,0,0,0,0,0,0,0,---,909-399SD
SW 090997_090997A,Device Conductor 900A,900,29.64,ABCN,123.9,0,117.1,85,13,13,0,0,2136,1323,2799,2,0,0,---,909-11
09097407A_09097408,3-#4_CU_B,180,21.81, BCN,124.6,0,2.1,-98.5,1,1,2,0,30,-5,205,26,0,0,---,P414017 TO P414018
09097407A_09097426,3-#2A5005C,180,21.92, BCN,124.6,0,1.3,-98.5,1,1,4,-1,18,-3,125,15,0,0,---,P414017 TO P616278
09097408_09097409,3-#4_CU_B,180,22.17, BCN,124.6,0,1.9,-98.5,1,1,0,0,27,-5,190,23,0,0,---,P414018 TO P414019
09097409_09097410,3-#2A5005C,180,22.47, BCN,124.6,0,0.9,-98.5,1,1,4,-1,13,-2,90,19,0,0,---,P414019 TO P614537
09097409_09097417,3-#2A5005C,180,22.26, BCN,124.6,0,0.9,-98.5,0,0,0,0,12,-2,85,4,0,0,---,P414019 TO P613508
09097409_09097424,3-#4_CU_B,180,22.22, BCN,124.6,0,0.2,-98.5,0,0,1,0,2,0,15,0,0,0,---,P414019 TO P191137
09097410_09097411,3-#2_AL_B,180,22.67, BCN,124.6,0,0.7,-98.5,0,0,0,0,9,-2,65,11,0,0,---,P614537 TO P817191
09097411_09097412,3-#2_AL_B,180,22.83, BCN,124.6,0,0.7,-98.5,0,0,2,0,9,-2,65,11,0,0,---,P817191 TO P713884
09097412_09097413,3-#2_AL_B,180,22.94, BCN,124.6,0,0.5,-98.5,0,0,0,0,7,-1,50,8,0,0,---,P713884 TO P36219
09097413_09097414,3-#2_AL_B,180,23.02, BCN,124.6,0,0.3,-98.5,0,0,0,0,4,-1,25,6,0,0,---,P36219 TO P36220
09097413_09097416,3-#2_AL_B,180,23.14, BCN,124.6,0,0.3,-98.5,0,0,4,-1,4,-1,25,2,0,0,---,P36219 TO P713885
09097414_09097415,3-#2_AL_B,180,23.12, BCN,124.6,0,0.3,-98.5,0,0,4,-1,4,-1,25,6,0,0,---,P36220 TO P36221
09097417_09097418,3-#2_AL_B,180,22.36, BCN,124.6,0,0.6,-98.5,0,0,1,0,9,-1,60,3,0,0,---,P613508 TO P619356
09097417_09097422,3-#2A5005C,180,22.52, BCN,124.6,0,0.3,-98.5,0,0,0,0,4,-1,25,1,0,0,---,P613508 TO P613509
09097418_09097419,3-#2_AL_B,180,22.67, BCN,124.6,0,0.5,-98.5,0,0,4,-1,7,-1,50,2,0,0,---,P619356 TO P619357
09097419_09097420,3-#2_AL_B,180,22.97, BCN,124.6,0,0.3,-98.5,0,0,0,0,4,-1,25,1,0,0,---,P619357 TO P619358
09097420_09097421,3-#2_AL_B,180,23.39, BCN,124.6,0,0.3,-98.5,0,0,4,-1,4,-1,25,1,0,0,---,P619358 TO P619359
09097422_09097423,3-#2A5005C,180,22.71, BCN,124.6,0,0.3,-98.5,0,0,4,-1,4,-1,25,1,0,0,---,P613509 TO P613510
09097424_09097425,3-#4_CU_B,180,22.36, BCN,124.6,0,0.1,-98.5,0,0,1,0,1,0,5,0,0,0,---,P191137 TO P414020
09097426_09097427,3-#2A5005C,180,22.06, BCN,124.6,0,1,-98.5,1,1,0,0,14,-2,100,13,0,0,---,P616278 TO P616279
09097427_09097428,3-#2A5005C,180,22.47, BCN,124.6,0,1,-98.5,1,1,0,0,14,-2,100,13,0,0,---,P616279 TO P616280
09097428_09097429,3-#2A5005C,180,22.87, BCN,124.6,0,1,-98.5,1,1,0,0,14,-2,100,13,0,0,---,P616280 TO P616281
09097429_09097430,3-#2A5005C,180,23.5, BCN,124.6,0,1,-98.5,1,1,0,0,14,-2,100,13,0,0,---,P616281 TO P616282
09097901_09097902,1C#2SAPECN,108,24.03,A  N,124.5,0,0.5,-98.5,0,0,4,-1,4,-1,25,4,0,0,---,H111605 TO D123732
09097901_09097903,1C#2SAPECN,108,24.16,A  N,124.5,0,0.5,-98.5,0,0,4,-1,4,-1,25,7,0,0,---,H111605 TO D123731
09098001_09098002,1C#2SAPECN,108,24.47,A  N,124.5,0,0.5,-98.5,0,0,4,-1,4,-1,25,5,0,0,---,H108754 TO D129148
09098101_09098102,1C#2SAPECN,108,24.76,  CN,124.4,0,0.5,-98.5,0,0,4,-1,4,-1,25,8,0,0,---,H100833 TO D102243
09098101_09098103,1C#2SAPECN,108,24.96,  CN,124.4,0,0.5,-98.5,0,0,4,-1,4,-1,25,5,0,0,---,H100833 TO D116494
09099701_09099702,3-394_AL_C,530,30.14,ABCN,123.9,0,1.7,-98.5,0,0,4,-1,36,-6,250,20,0,0,---,Z12114 TO Z19249
09099702_09099703,3-394_AL_C,530,30.45,ABCN,123.9,0,0.2,-98.5,0,0,4,-1,4,-1,25,2,0,0,---,Z19249 TO Z12115
09099702_09099705,3-#4_CU_C,180,30.18,ABCN,123.9,0,1.4,-98.5,1,1,0,0,29,-5,200,16,0,0,---,Z19249 TO P519920
09099703_09099704,3-394_AL_C,530,30.64,ABCN,123.9,0,0,100,0,0,0,0,0,0,0,0,0,0,---,TS 216-T2-909
090997A_0909970N,750ALPECN,454,29.79,ABCN,123.9,0,117.1,85,26,26,0,0,2136,1323,2799,2,0,0,---,909-11 TO H128991
FU 09097430_09097430A,Device Conductor 30A,30,23.51, BCN,124.6,0,1,-98.5,3,3,0,0,14,-2,100,13,0,0,---,P616282
FU 09099705_09099705A,Device Conductor 125A,125,30.19,ABCN,123.9,0,1.4,-98.5,1,1,0,0,29,-5,200,16,0,0,---,P519920
09097430A_09097431,1C#2SAPECN,108,23.63, BCN,124.6,0,1,-98.5,1,1,0,0,14,-2,100,13,0,0,---,P616282 TO H3944579210
09097431_09097432,1C#2SAPECN,108,24.25, BCN,124.6,0,1,-98.5,1,1,7,-1,14,-2,100,13,0,0,---,H3944579210 TO D3940678175
09097432_09097433,1C#2SAPECN,108,24.91, BCN,124.6,0,0.5,-98.5,0,0,7,-1,7,-1,50,3,0,0,---,D3940678175 TO D3936378137
09099705A_09099706,3-#4_CU_C,180,30.29,ABCN,123.9,0,1.4,-98.5,1,1,0,0,29,-5,200,16,0,0,---,P519920 TO P19250
09099706_09099707,3-#4_CU_C,180,30.46,ABCN,123.9,0,1.4,-98.5,1,1,4,-1,29,-5,200,16,0,0,---,P19250 TO P19251
09099707_09099708,3-#4_CU_C,180,30.9,ABCN,123.9,0,1.2,-98.5,1,1,0,0,25,-4,175,13,0,0,---,P19251 TO P510000
09099708_09099709,3-#2A5005C,180,30.97,ABCN,123.9,0,0.1,-98.5,0,0,0,0,2,0,15,4,0,0,---,P510000 TO P611863
09099708_09099711,3-#2_AL_B,180,31.25, BCN,123.9,0,1.6,-98.5,1,1,4,-1,23,-4,160,9,0,0,---,P510000 TO P619457
09099709_09099710,3-#2A5005C,180,31.28,AB N,123.9,0,0.2,-98.5,0,0,2,0,2,0,15,4,0,0,---,P611863 TO P611864
0909970N_09099701N,2/0AL_PECN,158,29.81,ABCN,123.9,0,3.4,84.9,2,2,0,0,62,39,300,2,0,0,---,H128991 TO D212122
0909970N_090998,750APEPJ,454,30.17,ABCN,123.9,0,113.7,85,25,25,0,0,2074,1284,2499,0,1,1,---,H128991 TO H128992
09099711_09099712,3-#2_AL_B,180,31.56, BCN,123.9,0,1.4,-98.5,1,1,0,0,19,-3,135,9,0,0,---,P619457 TO P619458
09099712_09099713,3-#2_AL_B,180,31.86, BCN,123.9,0,1.4,-98.5,1,1,0,0,19,-3,135,9,0,0,---,P619458 TO P619459
09099713_09099714,3-#2_AL_B,180,31.96, BCN,123.9,0,1.4,-98.5,1,1,0,0,19,-3,135,9,0,0,---,P619459 TO P813331
09099714_09099715,3-#2_AL_B,180,32.02, BCN,123.9,0,1.1,-98.5,1,1,7,-1,16,-3,110,7,0,0,---,P813331 TO P813332
09099714_09099722,3-#2_AL_B,180,32.17, BCN,123.9,0,0.3,-98.5,0,0,0,0,4,-1,25,2,0,0,---,P813331 TO P619460
09099715_09099716,3-#2_AL_B,180,32.38, BCN,123.9,0,0.6,-98.5,0,0,7,-1,9,-1,60,2,0,0,---,P813332 TO P813333
09099716_09099717,3-#2_AL_B,180,32.54, BCN,123.9,0,0.1,-98.5,0,0,0,0,1,0,10,1,0,0,---,P813333 TO P813334
09099717_09099718,3-#2_AL_B,180,32.74, BCN,123.9,0,0.1,-98.5,0,0,0,0,1,0,10,1,0,0,---,P813334 TO P238921
09099718_09099719,3-#2_AL_B,180,33.12, BCN,123.9,0,0.1,-98.5,0,0,0,0,1,0,10,1,0,0,---,P238921 TO P238922
09099719_09099720,3-#2_AL_B,180,33.49, BCN,123.9,0,0.1,-98.5,0,0,0,0,1,0,10,1,0,0,---,P238922 TO P238923
09099720_09099721,3-#2_AL_B,180,33.59, BCN,123.9,0,0.1,-98.5,0,0,1,0,1,0,10,1,0,0,---,P238923 TO P238924
09099722_09099723,3-#2_AL_B,180,32.21, BCN,123.9,0,0.3,-98.5,0,0,0,0,4,-1,25,2,0,0,---,P619460 TO P712261
09099723_09099724,3-#2_AL_B,180,32.51, BCN,123.9,0,0.3,-98.5,0,0,4,-1,4,-1,25,2,0,0,---,P712261 TO P712262
090998_090999N,1000AXLPEP,520,30.5,ABCN,123.8,0,113.7,85,22,22,0,0,2073,1284,2499,0,0,0,---,H128992 TO H128993
090999N_090999,1000AXLPEP,520,30.83,ABCN,123.8,0,113.7,85,22,22,0,0,2073,1283,2499,0,0,0,---,H128993 TO H122640
FU 09099701N_09099701NA,Device Conductor 100A,100,29.82,ABCN,123.9,0,3.4,84.9,3,3,0,0,62,39,300,2,0,0,---,D212122
09099701NA_09099702,2/0AL_PECN,158,29.85,ABCN,123.9,0,3.4,84.9,2,2,0,0,62,39,300,2,0,0,---,D212122 TO H128991
09099702N_09099703N,2/0AL_PECN,158,30.05,ABCN,123.9,0,3.4,84.9,2,2,62,39,62,39,300,2,0,0,---,H128991 TO D212127
090999_0909100B,1000AXLPEP,520,31.11,ABCN,123.8,0,113.7,85,22,22,0,0,2072,1283,2499,0,0,0,---,H122640 TO 909-14
SW 0909100B_0909100,Device Conductor 600A,600,31.12,ABCN,123.8,0,113.7,85,19,19,0,0,2072,1283,2499,0,0,0,---,909-14
FU 0909100_0909100C,Device Conductor 200A,200,31.13,ABCN,123.8,0,42.5,85,21,21,0,0,775,480,2499,0,0,0,---,CMPT3
FU 0909100_0909100D,Device Conductor 200A,200,31.13,ABCN,123.8,0,71.1,85,36,36,0,0,1297,802,0,0,0,0,---,CMPT4
SW 0909100_021637,Device Conductor 600A,600,31.13,ABCN,123.8,0,0,100,0,0,0,0,0,0,0,0,0,0,---,TS 216-T3-909
0909100C_0909104,1C#2SAPECN,108,31.2,ABCN,123.8,0,42.5,85,39,39,775,480,775,480,2499,0,0,0,---,CMPT3 TO D168109
0909100D_0909101,1C#2SAPECN,108,31.66,ABCN,123.6,0.2,71.1,85,66,66,0,0,1297,802,0,0,3,1,---,CMPT4 TO H123188
0909101_0909102,2/0AL_PECN,158,32.12,ABCN,123.5,0.1,71.1,85,45,45,0,0,1295,802,0,0,1,0,---,H123188 TO D168098
0909102_0909103,2/0AL_PECN,158,32.13,ABCN,123.5,0,71.1,85,45,45,1294,801,1294,801,0,0,0,0,---,D168098 TO CG199999
